,ricf_oid,ba_cn,fa_dint,ba_evl,ba_nfe,cf_govc,sc_gongo,ba_gvof,fp_tt,ba_age,ba_bn,sco_na,ba_ntr,Province
3,379,传媒大学教育基金会,1679.34,1,5,0.0,1,00,7618.82,8.0,17.0,1,0.0,Beijing
6,3001,辽宁省体育基金会,0.0,4,6,0.0,1,00,2716.91,26.0,5.0,0,1.0,Liaoning
10,250,中国煤矿尘肺病防治基金会,1458.49,4,14,120.0,1,01,4653.85,12.0,8.0,1,1.0,Hebei
11,1147,宁夏回族自治区燕宝慈善基金会,16162.47,5,12,0.0,0,01,1567.53,5.0,5.0,0,0.0,Ningxia
15,59,上海市儿童健康基金会,1094.12,5,0.0,0.0,0,00.0,2585.46,23.0,22.0,0,1.0,Shanghai
18,3012,辽宁省大连海洋大学教育发展基金会,50.0,4,2,0.0,1,00,336.9,5.0,25.0,0,0.0,Liaoning
19,3164,陕西九九老龄事业基金会,0.0,3,5,0.0,0,00,3403.64,4.0,5.0,0,0.0,Shaanxi
24,244,中国残疾人福利基金会,55081.71,5,56,300.0,1,01,82328.4,31.0,20.0,1,1.0,Beijing
27,1060,天津外国语大学教育发展基金会,644.63,3,1,0.0,1,00,841.3,10.0,8.0,0,0.0,Tianjin
29,1315,山西省代县雁门济困助学教育基金会,0.0,3,0,0.0,1,00,1236.43,3.0,9.0,0,0.0,Shanxi
31,2684,瑞安市社会组织发展基金会,6.0,4,1,2.0,1,00,486.79,2.0,6.0,0,0.0,Zhejiang
34,3216,陕西省青少年发展基金会,2105.23,4,10,0.0,1,00,1163.47,4.0,20.0,0,1.0,Shaanxi
40,1774,昆明市见义勇为基金会,10.0,3,2,155.5,1,30,1265.88,12.0,25.0,0,1.0,Yunnan
45,2057,河北省教育基金会,86.9,4,2,0.0,1,00,271.45,19.0,9.0,0,0.0,Hebei
48,1255,宝鸡市残疾人福利基金会,591.48,4,3,40.0,1,00,862.95,5.0,25.0,0,1.0,Shaanxi
49,252,中国牙病防治基金会,302.46,3,1,110.0,1,00,994.23,21.0,25.0,1,1.0,Beijing
50,179,中华全国体育基金会,6941.96,4,4,0.0,1,21,108687.51,21.0,19.0,1,1.0,Beijing
51,1324,山西省合创爱心助困基金会,20.0,4,0,0.0,0,00,217.95,8.0,6.0,0,0.0,Shanxi
52,19,上海交通大学教育发展基金会,27523.46,5,14.0,0.0,1,00.0,126972.43,10.0,15.0,0,0.0,Shanghai
58,3092,重庆市武隆县扶贫基金会,651.2,3,3,0.0,1,00,1044.17,3.0,15.0,0,1.0,Chongqing
65,1835,桐乡市人民教育基金会,772.18,1,1,0.0,1,00,1638.13,5.0,5.0,0,1.0,Zhejiang
67,3129,长安大学教育基金会,447.48,3,3,0.0,1,00,1017.32,5.0,25.0,0,0.0,Shaanxi
71,2071,河北省见义勇为基金会,5.13,5,8,0.0,1,00,3078.53,21.0,18.0,0,1.0,Hebei
73,257,中国益民文化建设基金会,0.0,1,5,0.0,1,00,938.74,22.0,12.0,1,1.0,Beijing
80,81,上海市帮困互助基金会,6097.39,5,10.0,0.0,1,00.0,14763.66,12.0,18.0,0,1.0,Shanghai
82,947,呼伦贝尔市扶贫基金会,23.4,3,3,0.0,1,00,416.55,4.0,8.0,0,1.0,Neimenggu
83,3408,重庆市急救医疗救助基金会,0.0,2,3,0.0,1,00,216.14,9.0,10.0,0,0.0,Chongqing
85,2075,河北省青少年发展基金会,1810.61,5,9,0.0,1,30,5367.21,22.0,13.0,0,1.0,Hebei
88,3617,云南杨丽萍民族文化艺术基金会,150.0,3,2,0.0,0,00,442.95,2.0,5.0,0,0.0,Yunnan
91,1102,天津市青少年科学基金会,13.3,1,3,0.0,1,00,200.5,21.0,8.0,0,0.0,Tianjin
94,2939,西安电子科技大学教育基金会,3234.72,3,4,0.0,1,00,3844.67,5.0,13.0,0,0.0,Shaanxi
99,218,中国华夏文化遗产基金会,1374.8,3,9,0.0,1,00,4764.57,8.0,8.0,1,1.0,Beijing
103,3005,辽宁省公益基金会,142.13,4,3,0.0,1,00,456.75,9.0,5.0,0,1.0,Liaoning
104,18,上海交响乐团文化发展基金会,2059.0,5,2.0,0.0,1,00.0,10311.78,23.0,7.0,0,0.0,Shanghai
105,2047,河北省佛教慈善基金会,785.44,4,8,0.0,1,00,1309.32,3.0,9.0,0,0.0,Hebei
115,350,云南省视界留学基金会,50.0,3,0,0.0,1,00,302.56,5.0,7.0,0,0.0,Yunnan
116,62,上海市华东师范大学教育发展基金会,4486.81,4,8.0,0.0,1,00.0,25684.95,8.0,20.0,0,0.0,Shanghai
117,1066,天津市冬朋助学基金会,17.0,3,0,0.0,0,00,230.49,8.0,7.0,0,0.0,Tianjin
124,3160,陈嘉庚科学奖基金会,300.0,2,2,0.0,1,04,4614.25,12.0,24.0,1,0.0,Beijing
125,332,云南省公安民警英烈基金会,653.6,4,3,0.0,1,30,12429.09,10.0,1.0,0,1.0,Yunnan
127,2869,腾讯公益慈善基金会,58052.59,3,13,0.0,0,00,102394.49,8.0,13.0,1,0.0,Guangdong
129,1834,桃源居公益事业发展基金会,0.0,4,5,0.0,0,00,10380.93,7.0,7.0,1,0.0,Guangdong
132,2772,福建海西青年创业基金会,49.21,4,4,0.0,1,00,1108.82,8.0,7.0,0,0.0,Fujian
134,3089,重庆市卢作孚教育基金会,200.0,3,3,0.0,0,01,468.57,5.0,9.0,0,0.0,Chongqing
135,2264,浙江省台州市农业技术推广基金会,0.0,3,1,274.1,1,00,1334.18,4.0,24.0,0,1.0,Zhejiang
136,2998,辽宁爱之光防盲基金会,342.99,4,7,0.0,0,00,1048.06,9.0,8.0,0,0.0,Liaoning
137,3028,辽宁省辽宁工程技术大学教育基金会,19.16,4,7,0.0,1,00,1058.86,6.0,17.0,0,0.0,Liaoning
141,1088,天津市海河文化发展基金会,228.44,4,3,0.0,0,00,446.99,6.0,8.0,0,1.0,Tianjin
144,2977,贵州省见义勇为基金会,45.02,3,5,430.0,1,10,1398.91,7.0,12.0,0,1.0,Guizhou
145,1054,大连慈善基金会,2603.47,5,13,0.0,1,01,5946.02,9.0,25.0,0,1.0,Liaoning
147,698,北京科技大学教育发展基金会,4999.26,3,5,0.0,1,00,9455.86,3.0,7.0,0,0.0,Beijing
151,468,凯风公益基金会,0.0,3,7,0.0,0,00,5317.89,8.0,6.0,1,0.0,Beijing
152,1638,广西红十字基金会,987.19,5,9,30.0,1,01,2991.28,20.0,19.0,0,1.0,Guangxi
153,1107,天津广播电视大学教育发展基金会,0.0,4,1,0.0,1,00,208.6,8.0,13.0,0,0.0,Tianjin
155,2687,甘肃兴华青少年助学基金会,545.51,3,0,0.0,0,00,1671.41,3.0,7.0,0,0.0,Gansu
159,1637,广西社会和谐稳定发展基金会,392.64,5,9,90.0,1,10,1043.61,5.0,18.0,0,1.0,Guangxi
163,1077,天津市宏志教育基金会,0.0,3,0,0.0,0,00,372.21,8.0,5.0,0,0.0,Tianjin
164,3450,重庆市星星灾害救助基金会,16.0,1,4,0.0,0,00,204.07,7.0,9.0,0,0.0,Chongqing
166,3,万科公益基金会,8902.44,3,0,0.0,0,00,20141.98,7.0,7.0,1,0.0,Guangdong
167,3421,重庆市法律援助基金会,210.19,4,4,10.0,1,00,502.12,8.0,23.0,0,1.0,Chongqing
169,138,上海科普教育发展基金会,420.3,5,5.0,0.0,1,00.0,9261.27,14.0,23.0,0,1.0,Shanghai
172,298,乌兰浩特市城乡困难群众大病医疗救助基金会,0.0,3,6,0.0,1,00,1518.93,4.0,9.0,0,0.0,Neimenggu
178,690,北京理工大学教育基金会,4302.16,4,7,0.0,1,20,17481.23,5.0,16.0,1,0.0,Beijing
181,223,中国古生物化石保护基金会,364.73,3,2,37.0,1,00,1409.51,7.0,16.0,1,1.0,Beijing
183,1101,天津市青少年发展基金会,736.93,5,5,0.0,1,00,1500.89,18.0,7.0,0,1.0,Tianjin
186,3212,陕西省西安市老龄事业发展基金会,5.0,3,3,195.95,1,00,1780.72,20.0,17.0,0,1.0,Shaanxi
187,2313,浙江省革命老区发展基金会,310.0,3,0,20.0,1,00,2233.24,4.0,10.0,0,1.0,Zhejiang
188,347,云南省老龄事业发展基金会,353.2,4,5,0.0,1,01,1545.14,27.0,24.0,0,1.0,Yunnan
189,1189,安利公益基金会,2765.15,4,8,0.0,0,00,7462.2,4.0,17.0,1,0.0,Beijing
191,1636,广西民族教育发展基金会,5075.0,5,6,0.0,1,00,17250.33,6.0,13.0,0,1.0,Guangxi
193,2926,葫芦岛市见义勇为基金会,0.0,4,5,0.0,1,00,835.83,4.0,25.0,0,1.0,Liaoning
194,130,上海特殊关爱基金会,1207.86,4,3.0,0.0,0,00.0,1879.05,7.0,15.0,0,0.0,Shanghai
196,2963,贵州省六盘水市见义勇为基金会,32.82,4,3,20.0,1,20,1457.25,3.0,16.0,0,1.0,Guizhou
198,2056,河北省撒可富教育基金会,32.85,4,0,0.0,0,00,1762.39,10.0,5.0,0,0.0,Hebei
199,2069,河北省老年事业发展基金会,1.63,5,11,0.0,1,00,442.93,4.0,8.0,0,1.0,Hebei
202,3219,陕西省黄土地陕北民歌发展基金会,14.0,3,3,0.0,1,00,210.07,5.0,5.0,0,0.0,Shaanxi
203,3333,黑龙江省青少年发展基金会,1421.95,5,15,0.0,1,30,2730.79,27.0,18.0,0,1.0,Heilongjiang
205,2318,浙江福泰隆慈善基金会,0.06,3,3,0.0,0,00,1937.06,5.0,7.0,0,0.0,Zhejiang
206,99,上海师范大学教育发展基金会,832.68,4,0.0,0.0,1,00.0,3411.58,7.0,18.0,0,0.0,Shanghai
217,946,周培源基金会,23.2,2,4,0.0,0,00,959.83,22.0,9.0,1,0.0,Beijing
218,2701,甘肃省扶贫基金会,36.07,3,10,20.4,1,00,987.64,25.0,7.0,0,1.0,Guangdong
219,563,北京大学教育基金会,57049.67,5,31,0.0,1,01,444744.96,20.0,23.0,1,0.0,Beijing
220,2292,浙江省残疾人福利基金会,1223.76,5,7,0.0,1,00,2391.47,30.0,15.0,0,1.0,Zhejiang
224,876,厦门残疾人福利基金会,3282.73,2,3,150.0,1,00,4507.39,9.0,23.0,0,1.0,Fujian
225,3416,重庆市华岩文教基金会,309.73,3,7,0.0,0,00,758.98,9.0,10.0,0,1.0,Chongqing
226,964,哈尔滨市香坊区残疾人福利基金会,0.22,4,4,0.0,1,40,534.95,6.0,19.0,0,1.0,Heilongjiang
229,2742,石狮市蔡辉煌教育基金会,0.0,3,0,0.0,0,00,277.59,7.0,11.0,0,0.0,Fujian
230,3042,达拉特旗人民教育基金会,282.7,3,1,0.0,1,00,732.28,6.0,13.0,0,1.0,Neimenggu
231,2033,沈阳市残疾人福利基金会,250.54,3,0,0.0,1,00,804.38,7.0,7.0,0,1.0,Liaoning
232,272,中国艺术节基金会,585.17,1,6,0.0,1,00,896.62,27.0,7.0,1,1.0,Beijing
235,1617,广西华侨爱心基金会,366.24,5,5,0.0,1,00,506.25,6.0,7.0,0,1.0,Guangxi
237,1815,杭州市萧山区人民教育基金会,1144.09,2,1,0.0,1,00,2151.68,25.0,18.0,0,1.0,Zhejiang
238,2366,海盐县农业技术推广基金会,0.0,5,3,95.0,1,10,753.81,2.0,10.0,0,1.0,Zhejiang
241,341,云南省法律援助基金会,306.05,2,4,0.0,1,10,2019.43,6.0,25.0,0,1.0,Yunnan
243,247,中国法学交流基金会,968.25,1,5,0.0,1,01,1102.43,29.0,10.0,1,1.0,Beijing
244,891,台州市黄岩区教育发展基金会,5365.0,3,0,0.0,1,00,413.81,6.0,8.0,0,1.0,Zhejiang
245,3205,陕西省神木县民生慈善基金会,238.61,4,16,0.0,1,00,281916.07,4.0,25.0,0,0.0,Shaanxi
248,1176,宁波市海曙区人民教育基金会,50.0,3,0,0.0,1,00,3449.16,10.0,9.0,0,1.0,Zhejiang
249,1089,天津市滨海社会救助基金会,0.0,3,2,0.0,0,00,194.2,7.0,5.0,0,0.0,Tianjin
250,1068,天津市华夏器官移植救助基金会,166.5,3,1,0.0,0,00,12501.82,8.0,5.0,0,0.0,Tianjin
252,3222,陕西美术事业发展基金会,0.0,4,0,0.0,1,00,671.33,5.0,5.0,0,1.0,Shaanxi
253,2984,贵州省青年创业就业基金会,167.5,5,5,0.0,1,10,496.53,6.0,15.0,0,1.0,Guizhou
255,263,中国移动慈善基金会,3800.0,3,7,0.0,0,00,10198.12,6.0,12.0,1,0.0,Beijing
259,191,中华见义勇为基金会,1496.18,3,12,1000.0,1,55,14196.76,22.0,23.0,1,1.0,Beijing
266,2983,贵州省青少年发展基金会,17206.69,5,16,260.0,1,10,3642.38,24.0,4.0,0,1.0,Guizhou
277,3280,韬奋基金会,3298.7,3,12,0.0,1,01,9429.83,29.0,21.0,1,0.0,Beijing
281,2221,浙江孤山慈善基金会,0.0,3,2,0.0,0,00,1065.04,5.0,5.0,0,0.0,Zhejiang
282,269,中国职工发展基金会,0.0,1,0,0.0,1,12,4717.24,21.0,13.0,1,1.0,Beijing
285,3227,陕西鱼化龙创业基金会,4.32,3,3,0.0,0,00,548.98,5.0,5.0,0,0.0,Shaanxi
286,2822,福建省青少年发展基金会,1605.84,5,10,2.0,1,00,3650.01,22.0,22.0,0,1.0,Fujian
287,2176,泛海公益基金会,44299.24,4,5,0.0,0,00,20172.15,5.0,7.0,1,0.0,Beijing
289,954,哈尔滨市公安民警救助基金会,50.0,3,1,0.0,1,40,3653.67,5.0,8.0,0,1.0,Heilongjiang
293,330,云南滇池保护治理基金会,0.15,3,4,0.0,1,10,1654.17,5.0,15.0,0,1.0,Yunnan
295,1349,山西省汾酒集团公益基金会,0.0,4,0,0.0,0,00,1340.25,5.0,18.0,0,0.0,Shanxi
296,245,中国民航科普基金会,514.7,3,6,0.0,1,01,5679.84,9.0,23.0,1,1.0,Beijing
300,3015,辽宁省抚顺市爱心教育基金会,117.43,3,3,0.0,1,00,347.38,10.0,23.0,0,0.0,Liaoning
302,3460,中国保护黄河基金会,200.26,2,8,0.0,1,00,3654.19,6.0,11.0,1,1.0,Henan
304,712,北京航空航天大学教育基金会,9922.27,4,11,0.0,1,00,59396.7,10.0,14.0,1,0.0,Beijing
307,2844,纺织之光科技教育基金会,310.4,3,5,0.0,1,00,11263.09,7.0,25.0,1,0.0,Beijing
308,213,中国出生缺陷干预救助基金会,761.1,3,6,10010.0,1,02,17194.32,4.0,6.0,1,1.0,Beijing
309,2034,沈阳市职工爱心慈善基金会,718.14,5,1,26.95,1,01,3492.84,9.0,25.0,0,1.0,Liaoning
318,2220,浙江大学教育基金会,35288.0,5,52,0.0,1,01,203784.94,9.0,14.0,1,0.0,Zhejiang
320,76,上海市拥军优属基金会,1280.04,3,13.0,1464.8,1,00.0,77691.7,20.0,21.0,0,1.0,Shanghai
321,1866,比亚迪慈善基金会,1686.09,3,3,0.0,0,00,2729.84,5.0,13.0,1,0.0,Guangdong
324,2070,河北省职工互助基金会,10.0,5,4,0.0,1,00,748.94,4.0,15.0,0,0.0,Hebei
332,212,中国农业大学教育基金会,4158.3,4,6,0.0,1,01,11101.18,6.0,21.0,1,0.0,Beijing
333,3074,鄂尔多斯市成吉思汗基金会,0.0,3,0,360.0,1,00,454.27,24.0,9.0,0,0.0,Neimenggu
334,2720,白银市社会救助基金会,0.0,2,1,0.0,1,20,101.61,7.0,10.0,0,1.0,Gansu
335,1092,天津市福老基金会,0.0,4,4,0.0,1,00,2447.52,7.0,5.0,0,1.0,Tianjin
339,233,中国少年儿童文化艺术基金会,2303.9,3,12,0.0,1,00,3357.6,24.0,11.0,1,1.0,Beijing
341,2831,福建运盛青年基金会,0.0,5,0,22.0,1,00,365.42,22.0,16.0,0,0.0,Fujian
345,3350,宁夏回族自治区残疾人福利基金会,314.4,4,4,50.0,1,11,1564.89,30.0,47.0,0,1.0,Ningxia
350,307,云南三益文化国防基金会,34.59,5,8,0.0,1,00,364.41,5.0,19.0,0,0.0,Yunnan
351,3338,黑龙江飞鹤乳业有限公司助学基金会,0.0,4,1,0.0,0,00,1023.56,9.0,5.0,0,0.0,Heilongjiang
353,2314,浙江省马寅初人口福利基金会,106.21,4,4,0.0,1,00,2540.3,21.0,13.0,0,1.0,Zhejiang
354,2666,爱佑慈善基金会,35188.85,5,42,0.0,0,00,43783.63,7.0,21.0,1,0.0,Beijing
357,36,上海唐君远教育基金会,569.3,5,1.0,0.0,0,00.0,20813.24,16.0,13.0,0,0.0,Shanghai
358,3430,重庆缙云山养生慈爱基金会,114.49,2,2,0.0,0,00,378.04,8.0,5.0,0,0.0,Chongqing
359,3206,陕西省红十字基金会,520.16,3,5,0.0,1,10,1591.41,6.0,7.0,0,1.0,Shaanxi
361,892,台州职业技术学院涌泉奖助基金会,77.11,4,0,0.0,1,00,972.02,8.0,9.0,0,0.0,Zhejiang
363,185,中华思源工程扶贫基金会,21449.3,4,41,120.0,1,11,25453.4,8.0,20.0,1,1.0,Beijing
366,267,中国绿色碳汇基金会,5338.06,4,16,60.0,1,00,15499.6,5.0,14.0,1,1.0,Beijing
369,115,上海民建扶帮公益基金会,932.41,3,0.0,0.0,1,80.0,2375.33,6.0,17.0,0,0.0,Shanghai
370,3731,朝阳市教育基金会,166.41,1,5,0.0,1,00,718.79,1.0,19.0,0,1.0,Liaoning
371,2738,石家庄市志愿服务基金会,44.45,5,3,0.0,1,20,768.23,4.0,25.0,0,0.0,Hebei
379,182,中华国际医学交流基金会,11630.41,3,11,0.0,1,00,11852.99,27.0,12.0,1,1.0,Beijing
380,3221,陕西纯山教育基金会,407.47,4,9,20.0,0,00,596.32,9.0,7.0,0,0.0,Shaanxi
381,410,内蒙古乌拉特后旗盛安爱心济困基金会,0.0,3,3,0.0,0,00,200.4,3.0,11.0,0,0.0,Neimenggu
386,346,云南省绿色环境发展基金会,1130.11,4,9,0.0,1,01,1228.04,7.0,15.0,0,1.0,Yunnan
389,3190,陕西省宝鸡市老龄事业发展基金会,8.76,1,4,28.3,1,00,485.78,26.0,16.0,0,1.0,Shaanxi
390,271,中国航天基金会,760.01,3,12,0.0,1,00,12374.82,20.0,18.0,1,1.0,Beijing
391,2270,浙江省妇女儿童基金会,1164.98,4,12,0.0,1,00,1325.24,34.0,25.0,0,1.0,Zhejiang
392,256,中国癌症基金会,429069.89,4,29,135.0,1,00,124972.29,31.0,19.0,1,1.0,Beijing
396,3291,马海德基金会,128.17,1,0,0.0,0,00,916.23,26.0,13.0,1,0.0,Beijing
400,3088,重庆市南川区教育基金会,136.38,2,1,0.0,1,00,234.9,5.0,17.0,0,0.0,Chongqing
404,67,上海市大学生科技创业基金会,100.0,4,6.0,1800.0,1,00.0,126680.55,9.0,15.0,0,1.0,Shanghai
406,2080,河北进德公益基金会,1430.36,4,26,0.0,0,10,1167.41,4.0,7.0,0,0.0,Hebei
410,2763,福建大丰文化基金会,106.43,4,6,0.0,0,00,1278.9,24.0,5.0,0,0.0,Fujian
422,1058,天津南开大学教育基金会,7270.54,5,15,0.0,1,11,16019.24,11.0,16.0,0,0.0,Tianjin
424,2308,浙江省阳光教育基金会,266.33,4,5,10.0,0,00,1421.28,5.0,13.0,0,0.0,Zhejiang
431,227,中国国际文化交流基金会,1361.36,3,1,0.0,1,00,4477.38,31.0,5.0,1,1.0,Beijing
432,235,中国志愿服务基金会,1359.29,4,16,0.0,1,02,9036.4,6.0,16.0,1,1.0,Beijing
433,356,西双版纳州热带雨林保护基金会,19.0,3,4,0.0,1,00,667.33,5.0,19.0,0,1.0,Yunnan
434,1628,广西师范大学教育发展基金会,270.57,5,5,0.0,1,00,3991.76,9.0,19.0,0,0.0,Guangxi
443,2066,河北师范大学教育基金会,132.97,5,4,0.0,1,00,1721.13,5.0,13.0,0,0.0,Hebei
446,448,内蒙古自治区残疾人福利基金会,3421.57,3,7,25.0,1,10,1936.57,10.0,11.0,0,1.0,Neimenggu
448,222,中国发展研究基金会,9878.34,4,19,50.0,1,03,27533.38,18.0,17.0,1,1.0,Beijing
450,505,北京交通大学教育基金会,5600.38,4,10,0.0,1,00,22230.78,6.0,19.0,1,0.0,Beijing
454,1680,心和公益基金会,2220.03,3,10,0.0,0,00,5097.44,7.0,8.0,1,0.0,Beijing
456,205,中国保护消费者基金会,0.0,1,8,0.0,1,00,1026.46,26.0,8.0,1,1.0,Beijing
458,3184,陕西省农业发展基金会,60.84,2,3,0.0,1,00,302.19,10.0,7.0,0,0.0,Shaanxi
461,184,中华少年儿童慈善救助基金会,33706.32,3,47,0.0,1,00,28850.31,6.0,17.0,1,1.0,Beijing
463,112,上海曙光中医药研究发展基金会,266.22,4,2.0,0.0,0,00.0,385.49,6.0,23.0,0,0.0,Shanghai
468,77,上海市教育发展基金会,9680.75,5,10.0,0.0,1,00.0,34930.49,21.0,24.0,0,1.0,Shanghai
472,3311,黑龙江省东北林业大学教育发展基金会,305.44,4,4,0.0,1,90,564.63,5.0,19.0,0,0.0,Heilongjiang
473,1053,大连市青少年发展基金会,1663.44,5,6,0.0,1,00,3511.01,10.0,11.0,0,0.0,Liaoning
479,1086,天津市残疾人福利基金会,1397.31,4,5,1.5,1,30,1951.96,25.0,23.0,0,1.0,Tianjin
482,2696,甘肃省公安民警英烈基金会,120.0,3,4,0.0,1,00,1604.12,6.0,25.0,0,1.0,Gansu
484,3099,重庆师范大学教育发展基金会,656.2,2,4,0.0,1,00,1300.41,4.0,10.0,0,0.0,Chongqing
489,1057,天津中国民航大学教育发展基金会,164.74,3,0,0.0,1,00,3753.46,9.0,11.0,0,0.0,Tianjin
494,449,内蒙古自治区青少年发展基金会,1084.36,4,8,0.0,1,00,2912.03,25.0,15.0,0,1.0,Neimenggu
496,321,云南大益爱心基金会,1243.08,5,6,0.0,0,00,11432.59,8.0,6.0,0,0.0,Yunnan
502,2258,浙江省农业技术推广基金会,0.0,4,9,0.0,1,10,14727.91,20.0,19.0,0,1.0,Zhejiang
506,183,中华国际科学交流基金会,1228.0,2,11,0.0,1,00,842.28,16.0,7.0,1,1.0,Beijing
514,273,中国西部人才开发基金会,3311.89,4,16,100.0,1,00,5995.13,9.0,21.0,1,1.0,Beijing
518,343,云南省温暖工程慈善基金会,127.0,2,3,0.0,1,00,482.76,4.0,5.0,0,1.0,Yunan
520,2295,浙江省瑞安中学教育发展基金会,506.68,5,3,0.0,1,00,1504.92,2.0,8.0,0,0.0,Zhejiang
522,3418,重庆市光明基金会,0.0,2,1,0.0,0,00,721.65,8.0,9.0,0,0.0,Chongqing
523,2953,诸暨市九鼎教育基金会,0.0,5,0,0.0,0,00,201.72,8.0,6.0,0,0.0,Zhejiang
528,3025,辽宁省见义勇为基金会,0.0,3,4,410.0,1,00,580.23,18.0,19.0,0,1.0,Liaoning
532,2764,福建宏利基金会,70.3,3,2,0.0,0,00,210.71,16.0,15.0,0,0.0,Fujian
539,188,中华社会救助基金会,17371.31,4,34,120.0,1,01,15477.42,6.0,13.0,1,1.0,Beijing
544,1067,天津市冯骥才民间文化基金会,0.0,3,1,0.0,0,00,1095.63,11.0,6.0,0,0.0,Tianjin
546,200,中国人口福利基金会,20521.24,4,33,1797.87,1,00,23134.87,28.0,19.0,1,1.0,Beijing
550,3539,河北省妇女儿童发展基金会,1297.07,5,3,0.0,1,01,1805.48,33.0,25.0,0,1.0,Hebei
551,3207,陕西省老龄事业发展基金会,224.2,3,6,150.0,1,00,5453.95,27.0,11.0,0,1.0,Shaanxi
558,1073,天津市妇女儿童发展基金会,2028.21,4,7,107.5,1,01,3387.93,11.0,22.0,0,1.0,Tianjin
566,351,云南省青少年发展基金会,9158.98,5,14,0.0,1,00,16276.87,21.0,10.0,0,1.0,Yunnan
568,1844,榆林市胡星元慈善基金会,0.0,3,2,0.0,1,10,2610.36,9.0,7.0,0,0.0,Shaanxi
570,967,哈尔滨理工大学教育发展基金会,165.47,4,2,0.0,1,00,815.67,5.0,11.0,0,0.0,Heilongjiang
574,3169,陕西妇女儿童发展基金会,1150.86,4,6,0.0,1,00,821.2,6.0,9.0,0,1.0,Shaanxi
576,957,哈尔滨市残疾人福利基金会,147.75,4,7,0.0,1,10,1147.2,29.0,15.0,0,1.0,Heilongjiang
577,189,中华社会文化发展基金会,2520.55,3,11,0.0,1,00,5167.53,22.0,17.0,1,1.0,Beijing
580,925,吉林省教育基金会,0.23,3,6,0.0,1,00,2190.02,27.0,9.0,0,1.0,Jilin
581,331,云南省俊发教育扶贫基金会,163.89,3,1,0.0,0,00,485.2,8.0,5.0,0,0.0,Yunnan
585,3269,青海省雪域仁济慈善基金会,536.96,3,6,0.0,0,00,209.95,7.0,5.0,0,0.0,Qinghai
586,2828,福建福海文教基金会,0.2,3,4,18.0,0,00,241.55,21.0,19.0,0,0.0,Fujian
587,3398,重庆市彭水王应田教育基金会,0.0,1,2,0.0,0,00,562.81,19.0,5.0,0,0.0,Chongqing
592,1064,天津市体育发展基金会,0.0,3,0,0.0,1,00,1616.58,3.0,12.0,0,1.0,Tianjin
593,2710,甘肃省老年基金会,60.0,2,5,0.0,1,00,607.73,27.0,3.0,0,1.0,Gansu
594,56,上海市人口福利基金会,536.15,5,0.0,0.0,1,00.0,803.59,23.0,25.0,0,1.0,Shanghai
595,1837,桐庐县老龄事业发展基金会,3.99,3,1,0.0,1,00,575.82,6.0,28.0,0,1.0,Zhejiang
598,1843,榆林学院教育发展基金会,290.6,3,6,0.0,1,00,1180.4,3.0,10.0,0,0.0,Shaanxi
601,3161,陈香梅公益基金会,290.6,3,5,220.0,0,00,2199.85,5.0,9.0,1,0.0,Beijing
603,3182,陕西省公安民警英烈基金会,205.68,3,6,0.0,1,00,9436.28,5.0,25.0,0,1.0,Shaanxi
606,3327,黑龙江省残疾人福利基金会,1594.13,5,7,0.0,1,10,1317.86,29.0,25.0,0,1.0,Heilongjiang
608,349,云南省见义勇为基金会,12.92,4,3,460.0,1,21,10731.96,13.0,25.0,0,1.0,Yunnan
611,2068,河北省红十字基金会,974.37,5,16,0.0,1,00,3021.92,7.0,21.0,0,1.0,Hebei
612,274,中国金融教育发展基金会,3950.8,3,14,0.0,1,00,11053.62,23.0,20.0,1,1.0,Beijing
613,72,上海市应昌期围棋教育基金会,0.0,3,6.0,12.0,0,00.0,4081.69,13.0,5.0,0,0.0,Shanghai
615,3170,陕西存义公益基金会,0.0,3,2,0.0,0,00,568.58,3.0,14.0,0,0.0,Shaanxi
617,886,台州市社会组织发展基金会,42.0,4,0,0.0,1,00,1516.49,6.0,5.0,0,0.0,Zhejiang
618,2834,福建集美大学教育发展基金会,1834.55,3,2,0.0,1,00,13500.64,22.0,23.0,0,0.0,Fujian
624,2676,王振滔慈善基金会,900.0,3,4,0.0,0,00,2024.22,9.0,13.0,1,0.0,Zhejiang
628,1407,平阳县社会治安综合治理基金会,0.0,3,3,80.0,1,00,327.51,4.0,5.0,0,1.0,Zhejiang
634,52,上海工商界爱国建设特种基金会,0.0,3,2.0,0.0,0,00.0,21099.41,22.0,23.0,0,0.0,Shanghai
641,960,哈尔滨市见义勇为奖励基金会,0.0,3,0,0.0,1,40,780.84,15.0,14.0,0,1.0,Heilongjiang
643,242,中国文物保护基金会,2810.35,3,15,612.88,1,01,3824.38,25.0,13.0,1,1.0,Beijing
649,2061,河北省残疾人福利基金会,1107.61,5,10,0.0,1,10,1453.15,29.0,6.0,0,1.0,Hebei
652,266,中国绿化基金会,5445.19,3,19,517.63,1,02,23382.48,30.0,21.0,1,1.0,Beijing
656,1036,国家电网公益基金会,1657.0,3,1,0.0,0,00,15191.8,6.0,8.0,1,0.0,Beijing
660,952,哈尔滨工业大学教育发展基金会,5990.51,5,11,0.0,1,00,20400.23,6.0,21.0,0,0.0,Heilongjiang
661,3008,辽宁省国防教育基金会,80.11,4,1,0.0,1,00,409.62,3.0,6.0,0,1.0,Liaoning
662,2973,贵州省残疾人福利基金会,665.0,4,1,0.0,1,20,589.29,6.0,20.0,0,1.0,Guizhou
664,2959,贵州省人口福利基金会,3962.6,5,14,60.9,1,00,16390.88,6.0,6.0,0,1.0,Guizhou
672,2695,甘肃省世恩慈善基金会,77.71,4,3,0.0,0,00,297.02,6.0,10.0,0,0.0,Gansu
675,3602,丹东市双灵慈善基金会,545.25,4,1,0.0,0,00,3239.69,3.0,18.0,0,0.0,Liaoning
677,1616,广西医学教育与科学研究发展基金会,413.5,4,2,0.0,1,00,902.52,5.0,25.0,0,1.0,Guangxi
679,2971,贵州省教育发展基金会,7996.3,3,21,0.0,1,00,4412.69,4.0,11.0,0,1.0,Guizhou
682,3325,黑龙江省妇女儿童基金会,422.97,5,8,0.0,1,00,1207.36,29.0,10.0,0,1.0,Heilongjiang
683,3397,援助西藏发展基金会,9965.79,3,20,0.0,1,43,4126.55,28.0,12.0,1,1.0,Xizang
688,3312,黑龙江省东北石油大学教育发展基金会,20.5,4,4,0.0,1,00,313.18,5.0,11.0,0,0.0,Heilongjiang
691,1799,李四光地质科学奖基金会,0.0,2,0,0.0,1,00,3809.29,8.0,17.0,1,0.0,Beijing
692,930,吉林省神华社会救助基金会,150.0,3,2,0.0,0,00,1046.31,5.0,22.0,0,0.0,Shanghai
697,3308,黑龙江大学教育发展基金会,260.75,3,5,0.0,1,00,834.44,5.0,15.0,0,0.0,Heilongjiang
700,427,内蒙古民族大学教育基金会,137.48,3,3,0.0,1,20,296.11,2.0,6.0,0,0.0,Neimenggu
703,1655,开明慈善基金会,540.63,3,4,0.0,1,12,3387.73,3.0,14.0,1,0.0,Beijing
709,3131,长春工程学院教育基金会,17.0,3,2,0.0,1,10,220.13,5.0,21.0,0,0.0,Jilin
710,1043,大庆市老年福利基金会,50.16,4,5,0.0,1,00,969.61,26.0,9.0,0,1.0,Heilongjiang
713,4093,云南晟成扶贫助老基金会,0.0,3,5,0.0,0,01,183.98,1.0,6.0,0,0.0,Yunnan
719,1127,孙冶方经济科学基金会,605.0,3,8,0.0,1,01,3130.9,32.0,16.0,1,0.0,Beijing
721,2307,浙江省金融教育基金会,206.25,3,2,0.0,1,00,4037.48,22.0,20.0,0,1.0,Zhejiang
722,209,中国光彩事业基金会,16953.6,4,7,0.0,1,01,26199.79,10.0,19.0,1,1.0,Beijing
726,215,中国医学基金会,323.49,2,8,0.0,1,00,877.82,28.0,15.0,1,1.0,Beijing
727,3213,陕西省西安残疾人福利基金会,428.91,3,7,0.0,1,00,3401.4,10.0,20.0,0,1.0,Shaanxi
729,1313,山西省东冶建成教育基金会,0.0,2,0,0.0,0,00,264.75,4.0,5.0,0,0.0,Shanxi
731,178,中华健康快车基金会,2265.61,4,14,0.0,1,11,6989.18,13.0,9.0,1,1.0,Beijing
732,251,中国煤矿文化宣传基金会,155.0,3,5,0.0,1,00,1387.66,33.0,16.0,1,1.0,Beijing
736,238,中国教师发展基金会,3542.77,3,7,154.06,1,00,5207.37,29.0,7.0,1,1.0,Beijing
740,3423,重庆市残疾人福利基金会,4564.61,5,10,70.8,1,00,5104.63,8.0,11.0,0,1.0,Chongqing
742,1071,天津市南开菁英教育基金会,0.0,3,2,0.0,0,00,490.82,4.0,13.0,0,0.0,Tianjin
745,248,中国法律援助基金会,1891.12,4,23,11100.0,1,11,15104.27,18.0,18.0,1,1.0,Beijing
747,3091,重庆市彭水教育基金会,182.06,4,5,30.0,1,00,527.34,3.0,11.0,0,0.0,Chongqing
749,1047,大连市教育基金会,217.2,3,6,0.0,1,00,1200.91,7.0,10.0,0,1.0,Liaoning
754,1062,天津宝坻桑梓助学基金会,6.34,3,4,0.0,1,00,9776.72,11.0,13.0,0,1.0,Tianjin
756,2956,象山县人民教育基金会,796.26,3,3,18.0,1,00,5098.08,10.0,23.0,0,1.0,Zhejiang
762,326,云南教育基金会,434.11,5,10,0.0,1,01,4086.35,27.0,11.0,0,1.0,Yunnan
764,856,南都公益基金会,2219.25,4,13,0.0,0,00,11822.75,8.0,10.0,1,0.0,Beijing
769,86,上海市老年基金会,6767.54,4,8.0,4237.41,1,00.0,38476.33,23.0,25.0,0,1.0,Shanghai
770,1648,延安教科文发展基金会,57.34,3,5,0.0,1,00,570.13,25.0,9.0,0,1.0,Shaanxi
772,216,中国医药卫生事业发展基金会,1467.15,4,27,150.0,1,00,7736.48,10.0,13.0,1,1.0,Beijing
775,3455,重庆市妇女儿童基金会,2205.04,5,3,0.0,1,01,2328.47,6.0,19.0,0,1.0,Chongqing
777,2487,温州市永乐科技奖励医疗救助基金会,100.98,4,4,0.0,1,00,503.42,26.0,11.0,0,0.0,Zhejiang
778,2985,贵州省青年志愿服务基金会,615.62,5,2,0.0,1,00,735.53,5.0,12.0,0,1.0,Guizhou
779,965,哈尔滨师范大学教育发展基金会,121.98,4,4,0.0,1,00,947.2,5.0,12.0,0,0.0,Heilongjiang
780,206,中国健康促进基金会,21175.58,1,13,100.0,1,00,11300.03,9.0,18.0,1,1.0,Beijing
782,282,中社社会工作发展基金会,5285.14,3,11,100.0,1,00,7812.48,4.0,7.0,1,0.0,Beijing
785,1075,天津市孙洪森助学基金会,4.0,3,0,0.0,0,00,218.42,3.0,9.0,0,0.0,Tianjin
793,2705,甘肃省治理荒漠化基金会,0.08,4,8,0.0,1,00,577.86,7.0,5.0,0,1.0,Gansu
795,1063,天津市人口福利基金会,0.0,3,3,0.0,1,02,618.29,18.0,21.0,0,1.0,Tianjin
796,2046,河北省京海明珠慈善基金会,0.0,5,3,0.0,0,00,1456.17,7.0,11.0,0,0.0,Hebei
797,3290,香江社会救助基金会,700.9,4,5,0.0,0,00,10042.91,10.0,9.0,1,0.0,Guangdong
803,2740,石狮市蔡友玉教育基金会,303.64,3,1,1.0,0,00,597.72,9.0,17.0,0,0.0,Fujian
808,2818,福建省邓子基教育基金会,61.0,3,1,0.0,0,00,564.72,8.0,17.0,0,0.0,Fujian
814,207,中国儿童少年基金会,42741.09,5,56,0.0,1,03,49550.91,34.0,19.0,1,1.0,Beijing
815,236,中国扶贫基金会,47116.79,5,157,0.0,1,02,273151.39,26.0,19.0,1,1.0,Beijing
816,3211,陕西省西安城墙保护基金会,0.0,3,2,0.0,1,00,338.87,4.0,15.0,0,1.0,Shaanxi
820,375,伊金霍洛旗扶贫基金会,90.0,4,2,0.0,1,00,610.23,6.0,5.0,0,0.0,Neimenggu
825,2085,河南大学教育发展基金会,196.43,4,5,0.0,1,00,4065.46,4.0,12.0,1,0.0,Henan
830,431,内蒙古民族青年文化艺术基金会,200.0,3,0,0.0,0,00,221.07,6.0,8.0,0,0.0,Neimenggu
832,2287,浙江省新华爱心教育基金会,4727.58,5,29,0.0,0,00,11305.62,8.0,20.0,0,1.0,Zhejiang
833,260,中国禁毒基金会,3349.12,3,23,100.0,1,10,12842.02,16.0,22.0,1,1.0,Beijing
835,2683,瑞安市公安民警救助奖励基金会,391.0,4,2,0.0,1,10,742.88,11.0,15.0,0,1.0,Zhejiang
836,3196,陕西省楠竹教育基金会,0.0,3,1,0.0,0,00,651.72,7.0,8.0,0,0.0,Shaanxi
838,3403,重庆市儿童医疗救助基金会,399.82,5,6,300.0,1,00,1705.5,10.0,11.0,0,1.0,Chongqing
839,63,上海市华侨事业发展基金会,1503.14,4,11.0,0.0,1,00.0,2384.24,9.0,11.0,0,1.0,Shanghai
842,1807,杭州市农业技术推广基金会,0.0,4,4,399.1,1,00,1797.3,12.0,3.0,0,1.0,Zhejiang
843,887,台州市老年事业发展基金会,0.0,3,3,10.0,1,00,1417.68,4.0,23.0,0,1.0,Zhejiang
845,2965,贵州省同心光彩事业基金会,150.08,3,2,0.0,1,01,587.33,4.0,8.0,0,1.0,Guizhou
848,3031,辽宁省辽宁石油化工大学教育发展基金会,49.52,3,3,0.0,1,00,518.21,4.0,11.0,0,0.0,Liaoning
849,2972,贵州省春晖行动发展基金会,603.13,4,10,0.0,1,00,1081.33,6.0,14.0,0,1.0,Guizhou
851,959,哈尔滨市老年基金会,88.97,3,4,0.0,1,30,973.69,4.0,7.0,0,1.0,Heilongjiang
853,230,中国妇女发展基金会,44727.85,5,61,30000.0,1,00,55716.99,27.0,18.0,1,1.0,Beijing
855,210,中国公安民警英烈基金会,2396.6,3,6,0.0,1,11,23033.56,12.0,12.0,1,1.0,Beijing
859,3405,重庆儿童救助基金会,922.68,3,11,0.0,1,00,4418.56,10.0,11.0,0,1.0,Chongqing
870,1824,浙江省陈伯滔体育基金会,62.84,4,1,20.0,1,00,239.52,20.0,6.0,0,0.0,Zhejiang
872,2700,甘肃省天水市伏羲赡老助学基金会,0.0,3,0,0.0,0,00,451.94,5.0,5.0,0,0.0,Gansu
873,2697,甘肃省兰州市城关区教育发展基金会,580.0,3,0,0.0,1,30,2194.85,4.0,17.0,0,1.0,Gansu
877,437,内蒙古清格尔泰蒙古语言文化基金会,0.0,4,3,9.0,1,00,249.52,7.0,7.0,0,0.0,Neimenggu
887,3186,陕西省唐大明宫遗址文物保护基金会,5.0,3,0,0.0,1,00,911.06,7.0,8.0,0,1.0,Shaanxi
890,1798,李可染艺术基金会,396.0,2,4,0.0,0,00,2209.31,17.0,19.0,1,0.0,Beijing
892,3332,黑龙江省见义勇为奖励基金会,0.0,3,5,72.0,1,41,580.13,21.0,9.0,0,1.0,Heilongjiang
893,2745,神华公益基金会,44386.7,5,8,120.0,0,00,77713.22,5.0,18.0,1,0.0,Beijing
904,181,中华同心温暖工程基金会,3167.96,3,7,0.0,1,31,5230.46,4.0,13.0,1,1.0,Beijing
907,3111,金华职业技术学院教育发展基金会,145.65,4,2,136.0,1,00,8375.96,6.0,16.0,0,0.0,Zhejiang
909,2280,浙江省康恩贝慈善救助基金会,1541.86,5,2,0.0,0,00,1441.08,8.0,6.0,0,0.0,Zhejiang
911,1098,天津市联合助学基金会,120.18,4,2,0.0,0,00,426.73,10.0,11.0,0,1.0,Tianjin
915,1642,广西青少年发展基金会,2277.42,5,11,0.0,1,10,4895.99,21.0,14.0,0,1.0,Guangxi
917,2250,浙江省三立慈善基金会,1068.46,4,0,0.0,0,00,402.7,3.0,5.0,0,0.0,Zhejiang
919,1046,大连市妇女儿童发展基金会,158.8,4,4,0.0,1,00,765.82,4.0,13.0,0,1.0,Liaoning
921,1084,天津市景华公益基金会,54.84,3,9,0.0,0,00,126.89,5.0,13.0,0,0.0,Beijing
924,3358,宁夏回族自治区医学科研教育基金会,0.0,3,0,0.0,1,00,449.75,13.0,6.0,0,1.0,Ningxia
927,3457,重庆市教育发展基金会,6321.12,5,7,300.0,1,01,7430.78,6.0,17.0,0,1.0,Chongqing
928,264,中国红十字基金会,26166.47,5,56,20000.0,1,00,55737.92,21.0,22.0,1,1.0,Beijing
930,270,中国肝炎防治基金会,3688.84,3,12,0.0,1,11,7033.75,17.0,17.0,1,1.0,Beijing
931,2041,河北慈善联合基金会,1284.8,3,14,0.0,1,01,586.85,3.0,9.0,0,1.0,Hebei
932,1061,天津大学北洋教育发展基金会,6727.42,5,13,13.5,1,00,24795.45,20.0,21.0,0,0.0,Tianjin
933,3162,陕西中实弘扬法治教育基金会,30.0,3,1,0.0,0,20,347.78,3.0,7.0,0,0.0,Shaanxi
937,98,上海市黄浦区教育基金会,50.6,3,0.0,0.0,1,00.0,7480.6,23.0,15.0,0,1.0,Shanghai
941,2768,福建师范大学附属中学正祥教育基金会,128.0,3,1,0.0,1,10,1055.65,2.0,5.0,0,0.0,Fujian
944,1623,广西和正慈善基金会,7.6,4,7,0.15,0,00,201.39,6.0,8.0,0,0.0,Guangxi
946,953,哈尔滨工程大学教育发展基金会,1036.47,5,3,16.0,1,00,5141.99,7.0,17.0,0,0.0,Heilongjiang
950,3006,辽宁省兴隆大家庭大病救助基金会,75.0,3,0,0.0,0,00,217.49,6.0,5.0,0,0.0,Liaoning
959,1775,晋江市侨声中学教育发展基金会,1874.29,3,4,0.0,1,00,1985.48,7.0,10.0,0,0.0,Fujian
960,231,中国孔子基金会,211.8,3,35,0.0,1,00,10533.05,31.0,17.0,1,1.0,Shandong
961,2210,浙江千训爱心慈善基金会,2043.33,5,6,0.0,0,00,1498.52,4.0,9.0,0,0.0,Zhejiang
964,2248,浙江滴水慈善基金会,782.46,4,2,11.0,0,00,1350.92,4.0,9.0,0,0.0,Zhejiang
967,211,中国关心下一代健康体育基金会,856.89,1,9,0.0,1,00,1278.54,12.0,11.0,1,1.0,Beijing
969,2936,西北农林科技大学教育发展基金会,1591.18,3,8,0.0,1,00,3892.2,4.0,20.0,1,0.0,Shaanxi
970,1109,天津桃李源文化基金会,10.0,3,2,0.0,1,01,430.91,5.0,6.0,0,0.0,Tianjin
972,942,吴作人国际美术基金会,943.0,1,5,0.0,0,00,1737.25,26.0,9.0,1,0.0,Beijing
975,276,中国青年创业就业基金会,8089.6,4,15,0.0,1,00,22845.02,9.0,21.0,1,1.0,Beijing
979,2054,河北省志愿服务基金会,651.05,4,4,0.0,1,00,744.91,3.0,25.0,0,1.0,Hebei
984,198,中国交响乐发展基金会,573.09,3,6,0.0,1,00,838.44,21.0,18.0,1,1.0,Beijing
988,1111,天诺慈善基金会,720.0,3,11,0.0,0,00,614.13,7.0,5.0,1,0.0,Beijing
991,203,中国企业管理科学基金会,200.0,3,6,0.0,1,00,2652.51,28.0,16.0,1,1.0,Beijing
995,1330,山西省姚奠中国学教育基金会,70.0,3,0,0.0,0,00,1701.67,5.0,12.0,0,0.0,Shanxi
996,240,中国敦煌石窟保护研究基金会,992.83,2,5,0.0,1,00,3341.74,20.0,19.0,1,1.0,Gansu
997,3310,黑龙江恢先地震工程学基金会,0.0,4,1,0.0,1,01,712.49,13.0,25.0,0,1.0,Heilongjiang
1001,3433,重庆浙商爱心基金会,228.93,3,3,0.0,1,00,494.09,8.0,17.0,0,1.0,Chongqing
1003,3321,黑龙江省哈尔滨工业大学附属中学校教育发展基金会,1205.0,4,4,0.0,1,00,693.17,4.0,5.0,0,0.0,Heilongjiang
1004,3453,重庆市青年创新创业基金会,1606.79,5,7,880.0,1,00,2106.14,6.0,8.0,0,1.0,Chongqing
1007,186,中华文学基金会,1050.0,1,23,0.0,1,01,2870.7,29.0,19.0,1,1.0,Beijing
1010,352,云南省青年创业就业基金会,136.58,3,7,0.0,1,00,819.26,6.0,9.0,0,1.0,Yunnan
1012,1339,山西省文化发展基金会,1110.0,4,11,0.0,1,00,1470.53,5.0,15.0,0,1.0,Shanxi
1013,339,云南省杨善洲绿化基金会,322.39,5,6,35.0,1,00,938.66,4.0,21.0,0,1.0,Yunnan
1020,1110,天津理工大学教育发展基金会,103.81,3,0,0.0,1,00,620.07,7.0,15.0,0,0.0,Tianjin
1028,70,上海市安济医疗救助基金会,495.16,4,2.0,0.0,1,00.0,2484.64,9.0,8.0,0,0.0,Shanghai
1029,1717,招商局慈善基金会,5515.0,4,7,9.66,0,00,6265.78,6.0,18.0,1,0.0,Guangdong
1033,1800,杭州市上城区教育发展基金会,1690.11,4,0,0.0,1,00,6340.6,10.0,21.0,0,1.0,Zhejiang
1034,827,南安市芙蓉基金会,577.88,5,13,0.0,0,10,6528.6,24.0,17.0,0,0.0,Fujian
1037,3101,重庆西南大学教育基金会,3451.32,5,7,1.3,1,00,7546.38,4.0,13.0,0,0.0,Chongqing
1038,1184,宁波市镇海区老年福利基金会,85.0,4,1,65.0,1,00,1602.95,27.0,16.0,0,1.0,Zhejiang
1041,1254,宝钢教育基金会,2900.0,4,5,0.0,0,00,8119.44,10.0,25.0,1,0.0,Shanghai
1042,3679,辽宁省昌图县教育基金会,252.99,1,1,0.0,1,00,525.04,1.0,25.0,0,1.0,Liaoning
1048,859,厦门中山医院基金会,229.7,3,5,0.0,1,00,1737.26,22.0,18.0,0,0.0,Fujian
1049,3033,辽宁省青少年发展基金会,1099.64,5,7,115.76,1,00,1829.81,18.0,15.0,0,1.0,Liaoning
1050,3304,黄帝陵基金会,216.17,4,0,0.0,1,11,3747.21,23.0,25.0,0,1.0,Shaanxi
1052,32,上海同济大学教育发展基金会,13067.09,3,8.0,0.0,1,00.0,32928.04,9.0,19.0,0,0.0,Shanghai
1063,961,哈尔滨市道里区慈善基金会,5.01,3,3,0.0,1,00,25716.08,15.0,5.0,0,1.0,Heilongjiang
1064,3171,陕西宏府慈善基金会,130.0,3,8,0.0,0,00,397.08,6.0,11.0,0,0.0,Shaanxi
1065,3195,陕西省易信慈善基金会,0.01,3,1,0.0,0,00,193.67,6.0,2.0,0,0.0,Shaanxi
1066,1085,天津市杨兆兰慈善基金会,86.14,3,0,0.0,0,00,224.08,3.0,15.0,0,0.0,Tianjin
1069,1187,宁波鄞州银行公益基金会,969.11,4,8,0.0,0,00,11418.22,4.0,10.0,0,0.0,Zhejiang
1071,868,厦门市红十字基金会,2028.92,5,12,0.0,1,10,6626.68,21.0,21.0,0,1.0,Fujian
1073,2284,浙江省惠民慈善基金会,150.0,3,1,0.0,1,00,306.75,3.0,5.0,0,0.0,Zhejiang
1074,50,上海宋庆龄基金会,4392.47,5,13.0,0.0,1,00.0,61575.73,22.0,13.0,0,1.0,Shanghai
1075,752,华民慈善基金会,1120.0,4,11,100.0,0,00,2074.03,7.0,8.0,1,0.0,Beijing
1076,1656,张学良教育基金会,1422.6,2,4,0.0,1,00,5089.57,9.0,17.0,1,0.0,Liaoning
1079,2690,甘肃妇女儿童发展基金会,2264.72,3,2,0.0,1,31,0.0,9.0,10.0,0,1.0,Gansu
1081,1096,天津市翔宇教育基金会,789.95,4,3,0.0,0,00,2218.25,3.0,5.0,0,0.0,Tianjin
1083,1103,天津市青年创业就业基金会,415.6,5,3,345.52,1,00,1075.28,6.0,14.0,0,1.0,Tianjin
1084,2824,福建省龙岩市李新炎慈善基金会,101.8,5,5,0.0,0,00,14801.85,8.0,13.0,0,0.0,Fujian
1088,745,宁夏回族自治区北方民族大学教育发展基金会,620.6,3,1,0.0,1,00,809.52,3.0,20.0,0,0.0,Ningxia
1093,1627,广西妇女儿童发展基金会,2272.07,3,4,0.0,1,40,2558.36,33.0,21.0,0,1.0,Guangxi
1101,1688,慈溪市老龄事业发展基金会,100.0,4,3,72.0,1,30,1642.02,4.0,17.0,0,1.0,Zhejiang
1108,2759,福建卢嘉锡科学教育基金会,9.16,3,0,0.0,0,00,546.78,9.0,8.0,0,0.0,Fujian
1109,3444,重庆市红十字基金会,6823.51,5,11,0.0,1,00,3747.68,7.0,15.0,0,1.0,Chongqing
1117,2815,福建省见义勇为基金会,342.14,5,9,300.18,1,00,4258.17,21.0,21.0,0,1.0,Fujian
1118,262,中国科技馆发展基金会,220.0,2,6,0.0,1,00,2696.42,5.0,8.0,1,1.0,Beijing
1137,3157,阿拉善生态基金会,289.26,4,2,0.0,0,00,4078.46,4.0,25.0,0,0.0,Neimenggu
1147,1314,山西省人民教育基金会,350.0,4,4,0.0,1,00,3469.07,10.0,9.0,0,1.0,Shanxi
1148,225,中国和平发展基金会,0.0,3,23,0.0,1,00,32235.2,4.0,14.0,1,0.0,Beijing
1159,3017,辽宁省残疾人福利基金会,2452.86,3,4,0.0,1,00,2026.2,30.0,14.0,0,1.0,Liaoning
1160,2233,浙江慈溪兴业夕阳红基金会,29.21,4,3,0.0,0,00,1078.18,10.0,5.0,0,0.0,Zhejiang
1170,193,中南大学教育基金会,3164.12,4,7,0.0,1,01,29938.84,4.0,25.0,1,0.0,Hunan
1178,950,哈尔滨医科大学发展基金会,2310.3,4,5,0.0,1,00,4981.73,5.0,24.0,0,0.0,Heilongjiang
1180,2473,清华大学教育基金会,158931.87,5,39,0.0,1,00,631833.41,21.0,25.0,1,0.0,Beijing
1181,197,中国下一代教育基金会,7419.45,4,16,0.0,1,01,12347.84,5.0,15.0,1,1.0,Beijing
1182,3426,重庆市丰都教育奖励扶助基金会,311.13,4,4,0.0,1,00,963.42,8.0,24.0,0,1.0,Chongqing
1184,945,吴阶平医学基金会,7102.79,3,10,0.0,1,00,8346.98,13.0,19.0,1,0.0,Beijing
1185,1048,大连市残疾人福利基金会,541.97,4,4,0.0,1,00,554.27,9.0,6.0,0,1.0,Liaoning
1189,2053,河北省德仁慈善基金会,50.0,4,0,0.0,0,00,211.12,3.0,9.0,0,0.0,Hebei
1192,3040,辽阳辽化教育奖励基金会,0.0,3,2,0.0,1,00,404.66,25.0,5.0,0,1.0,Liaoning
1193,1634,广西残疾人福利基金会,456.05,5,3,22.0,1,00,953.7,29.0,21.0,0,1.0,Guangxi
1196,1632,广西李宁基金会,115.0,4,7,0.0,0,00,110.81,9.0,9.0,0,0.0,Guangxi
1198,3079,鄂托克旗教育基金会,211.0,3,2,0.0,1,00,1037.53,6.0,5.0,0,0.0,Neimenggu
1200,1070,天津市南开中学教育基金会,4.13,4,2,0.0,1,00,7069.19,5.0,15.0,0,0.0,Tianjin
1202,3138,长春建筑学院教育基金会,152.0,3,2,0.0,1,00,1071.38,5.0,21.0,0,0.0,Jilin
1205,60,上海市儿童基金会,0.0,5,0.0,0.0,1,01.0,4909.8,23.0,23.0,0,1.0,Shanghai
1207,2269,浙江省大爱慈善基金会,452.34,5,3,0.0,1,00,250.27,2.0,1.0,0,0.0,Zhejiang
1213,354,云南聂耳音乐基金会,0.0,3,0,5.0,1,00,464.51,10.0,17.0,0,1.0,Yunnan
1214,2826,福建省龙岩扶贫基金会,0.0,3,4,0.0,1,00,850.8,24.0,12.0,0,1.0,Fujian
1215,3399,重庆市扶贫基金会,11237.84,4,4,178.3,1,00,9763.94,21.0,19.0,0,1.0,Chongqing
1216,43,上海复旦大学教育发展基金会,25127.19,5,10.0,0.0,1,00.0,59706.42,11.0,16.0,0,0.0,Shanghai
1218,3454,重庆市青少年发展基金会,1717.56,4,5,50.0,1,00,2278.23,6.0,22.0,0,1.0,Chongqing
1224,3224,陕西荣禾老年基金会,100.0,3,0,0.0,0,00,299.37,5.0,5.0,0,0.0,Shaanxi
1227,75,上海市慈善基金会,72148.24,5,67.0,2714.4,1,00.0,267396.1,21.0,22.0,0,1.0,Shanghai
1228,2481,温州市人民教育基金会,2612.59,4,3,0.0,1,00,8725.46,26.0,16.0,0,1.0,Zhejiang
1229,1106,天津市鹤童老年公益基金会,127.36,4,1,0.0,0,00,454.54,8.0,5.0,0,0.0,Tianjin
1230,3214,陕西省西部发展基金会,42.84,3,3,0.0,1,00,429.0,11.0,7.0,0,1.0,Shaanxi
1236,221,中国友好和平发展基金会,8669.06,4,13,100.0,1,00,20005.58,19.0,5.0,1,1.0,Beijing
1238,2838,秦皇岛市志愿服务基金会,145.56,5,5,0.0,1,00,553.88,4.0,14.0,0,0.0,Hebei
1241,3010,辽宁省大连海事大学博联助学基金会,46.56,3,0,0.0,1,00,802.19,7.0,8.0,0,0.0,Liaoning
1244,3118,铁岭市公安民警救助基金会,137.65,2,3,0.0,1,00,696.65,6.0,3.0,0,1.0,Liaoning
1246,125,上海浦东新区社会发展基金会,1635.95,4,0.0,0.0,1,00.0,10061.02,21.0,9.0,0,1.0,Shanghai
1248,214,中国初级卫生保健基金会,115411.42,4,10,0.0,1,01,29925.38,19.0,21.0,1,1.0,Beijing
1250,2048,河北省公安民警英烈基金会,226.31,3,6,0.0,1,20,1138.34,6.0,19.0,0,1.0,Hebei
1259,2859,老牛基金会,0.0,5,29,0.0,0,00,159581.09,8.0,10.0,0,0.0,Neimenggu
1261,2937,西北工业大学教育基金会,1927.99,1,13,0.0,1,00,31825.44,8.0,7.0,0,0.0,Shaanxi
1262,1076,天津市宁鸿涛助学基金会,0.0,3,0,0.0,1,00,198.89,8.0,5.0,0,0.0,Tianjin
1263,937,宁夏回族自治区同心县同德公益慈善基金会,2.5,3,0,5.0,1,00,205.93,3.0,7.0,0,0.0,Ningxia
1265,94,上海市青少年发展基金会,1399.05,5,1.0,0.0,1,00.0,14527.81,23.0,19.0,0,1.0,Shanghai
1272,1752,新疆维吾尔自治区资助教育基金会,325.64,4,2,0.0,1,00,460.09,4.0,5.0,0,1.0,Xinjiang
1275,239,中国教育发展基金会,23802.04,5,11,199400.0,1,01,54606.78,12.0,18.0,1,1.0,Beijing
1278,1097,天津市老年基金会,56.35,3,5,0.0,1,00,1720.15,23.0,6.0,0,1.0,Tianjin
1281,3016,辽宁省教育基金会,712.33,5,4,0.0,1,00,2324.55,27.0,11.0,0,1.0,Liaoning
1282,284,中远海运慈善基金会,2102.78,3,6,0.0,0,00,44063.53,10.0,17.0,1,0.0,Beijing
1283,2997,辽宁光达优抚爱心基金会,0.0,3,2,0.0,0,00,261.18,6.0,5.0,0,0.0,Liaoning
1284,389,保定军校基金会,4.52,4,8,0.0,1,00,411.49,10.0,9.0,0,0.0,Hebei
1285,1337,山西省振兴京剧基金会,0.0,3,1,0.0,1,00,719.37,7.0,8.0,0,0.0,Shanxi
1287,2800,福建省残疾人福利基金会,2220.64,5,8,119.0,1,00,2843.79,9.0,19.0,0,1.0,Fujian
1288,3173,陕西师范大学教育基金会,1974.3,4,4,0.0,1,00,3931.08,4.0,16.0,0,0.0,Shaanxi
1289,1619,广西协力扶助基金会,953.0,5,1,0.0,1,01,837.03,9.0,19.0,0,0.0,Guangxi
1290,1372,巴彦淖尔市人民教育基金会,14.52,3,3,0.0,1,00,1207.85,20.0,6.0,0,1.0,Neimenggu
1292,2952,詹天佑科学技术发展基金会,130.53,3,7,0.0,1,01,3486.4,10.0,23.0,1,0.0,Beijing
1295,2978,贵州省贵阳市生态文明基金会,3007.08,4,4,0.0,1,11,7265.5,8.0,23.0,0,1.0,Guizhou
1296,3085,重庆市万州区教育基金会,391.23,3,3,0.0,1,00,1416.61,4.0,14.0,0,0.0,Chongqing
1297,1095,天津市网球发展基金会,0.0,3,2,0.0,1,00,1382.34,16.0,5.0,0,1.0,Tianjin
1299,2285,浙江省扶贫基金会,557.94,4,1,0.0,1,01,2400.04,23.0,12.0,0,1.0,Zhejiang
1302,2795,福建省扶贫基金会,1245.57,5,8,1197.0,1,01,2744.14,22.0,24.0,0,1.0,Fujian
1307,2312,浙江省青年创业就业基金会,221.25,5,1,10.0,1,10,1469.8,6.0,21.0,0,1.0,Zhejiang
1317,2032,沈阳市教育基金会,2659.32,5,9,0.0,1,00,3283.29,10.0,14.0,0,1.0,Liaoning
1319,3497,铁岭市教育基金会,298.5,3,4,0.0,1,00,502.81,8.0,17.0,0,1.0,Jiangsu
1323,241,中国文学艺术基金会,6923.3,5,23,13970.95,1,02,22219.63,21.0,24.0,1,1.0,Beijing
1324,90,上海市长宁区教育基金会,351.29,3,0.0,0.0,1,00.0,3462.49,23.0,25.0,0,1.0,Shanghai
1326,1639,广西老年基金会,5.72,5,5,80.0,1,01,807.16,25.0,20.0,0,1.0,Guangxi
1329,2240,浙江毓芳慈善基金会,153.68,4,3,0.0,0,00,309.72,5.0,6.0,0,0.0,Zhejiang
1330,319,云南士恒教育基金会,113.0,3,2,0.0,0,00,210.71,6.0,6.0,0,0.0,Yunnan
1335,136,上海真爱梦想公益基金会,9075.24,5,56.0,0.0,0,00.0,15513.08,7.0,7.0,0,1.0,Shanghai
1336,3104,重庆金平法学教育基金会,263.43,2,1,0.0,1,00,791.44,5.0,13.0,0,0.0,Chongqing
1340,219,中国华文教育基金会,9980.97,4,11,0.0,1,01,10980.05,11.0,21.0,1,1.0,Beijing
1341,1733,新奥公益慈善基金会,3955.8,5,5,0.0,0,00,3449.85,10.0,12.0,0,0.0,Hebei
1342,224,中国听力医学发展基金会,1700.91,2,10,0.0,1,00,2009.37,20.0,13.0,1,1.0,Beijing
1349,2272,浙江省宁海县人民教育基金会,3786.14,5,4,26.5,1,00,4421.39,26.0,24.0,0,1.0,Zhejiang
1350,826,南安市石井创新社会管理公益基金会,109.0,3,4,0.0,1,00,315.59,3.0,20.0,0,0.0,Fujian
1352,980,四川大学教育基金会,8190.55,4,13,100.0,1,00,19445.51,5.0,15.0,1,0.0,Sichuan
1353,337,云南省扶贫基金会,820.1,3,7,0.0,1,03,2932.15,23.0,5.0,0,1.0,Yunnan
1354,1357,山西省通力达司法救济基金会,18.3,3,0,0.0,0,00,226.28,3.0,7.0,0,0.0,Shanxi
1355,2704,甘肃省残疾人福利基金会,3672.03,5,15,167.06,1,00,990.04,8.0,19.0,0,1.0,Gansu
1356,2981,贵州省遵义市见义勇为基金会,0.0,3,1,0.0,1,10,720.48,4.0,25.0,0,1.0,Jiangsu
1359,295,乌兰夫基金会,0.0,5,3,0.0,1,01,20151.25,24.0,7.0,0,1.0,Neimenggu
1361,3400,重庆孤残儿童援助基金会,79.66,4,1,0.0,1,00,890.96,10.0,5.0,0,1.0,Chongqing
1362,2042,河北慈氏基金会,54.79,4,3,0.0,0,00,318.51,5.0,6.0,0,0.0,Hebei
1365,3096,重庆市老年事业发展基金会,683.35,3,7,200.0,1,01,712.12,5.0,20.0,0,1.0,Chongqing
1366,3364,宁夏回族自治区妇女儿童发展基金会,1072.54,5,0,0.0,1,30,2149.63,19.0,19.0,0,1.0,Ningxia
1369,446,内蒙古自治区扶贫基金会,553.36,3,5,0.0,1,01,767.78,18.0,16.0,0,1.0,Neimenggu
1370,69,上海市奉贤建设工程科学技术发展基金会,4.5,3,0.0,0.0,1,00.0,2435.46,10.0,18.0,0,0.0,Shanghai
1372,751,华侨茶业发展研究基金会,69.0,3,3,0.0,1,00,2412.53,34.0,20.0,1,0.0,Beijing
1374,2059,河北省新联合公益基金会,57.88,4,5,50.0,0,00,317.73,4.0,5.0,0,0.0,Hebei
1376,335,云南省妇女儿童发展基金会,818.79,4,6,0.0,1,10,2251.31,33.0,23.0,0,1.0,Yunnan
1377,275,中国青少年发展基金会,44888.44,5,96,0.0,1,00,122319.17,26.0,15.0,1,1.0,Beijing
1380,217,中国华侨公益基金会,18936.58,4,15,0.0,1,01,23005.94,27.0,25.0,1,1.0,Beijing
1381,327,云南民族文化发展基金会,69.02,4,7,0.0,1,30,765.21,20.0,13.0,0,1.0,Yunnan
1383,2319,浙江绿色共享教育基金会,437.68,5,3,0.0,0,00,439.77,9.0,12.0,0,0.0,Zhejiang
1390,3094,重庆市科技事业发展基金会,0.4,2,2,20.0,1,00,285.73,4.0,11.0,0,0.0,Chongqing
1393,208,中国光华科技基金会,71133.35,5,69,0.0,1,00,69762.53,22.0,10.0,1,1.0,Beijing
1396,1093,天津市第二中学教育发展基金会,0.0,3,0,0.0,1,00,476.56,7.0,7.0,0,0.0,Tianjin
1401,57,上海市体育发展基金会,3077.33,4,8.0,68.05,1,00.0,42482.12,23.0,13.0,0,1.0,Shanghai
1404,2970,贵州省扶贫基金会,100323.24,3,5,0.0,1,00,1367.42,19.0,8.0,0,1.0,Guizhou
1406,2756,福建农林大学教育发展基金会,1282.74,3,2,0.0,1,00,1790.42,9.0,7.0,0,0.0,Fujian
1407,187,中华环境保护基金会,7849.66,5,26,0.0,1,01,16410.88,22.0,18.0,1,1.0,Beijing
1410,882,友成企业家扶贫基金会,2964.39,4,26,0.0,0,00,16841.68,8.0,17.0,1,0.0,Beijing
