,ricf_oid,ba_cn,ba_nfe,ba_gvm,ba_pgv,ba_ntr,ba_fdt,ba_bn,ba_evl,fa_dine_this,fa_dinu_this,cf_govc,fp_tt,sc_gongo,sco_na,Province,ba_age,fa_dint,ba_gvof
3,379,传媒大学教育基金会,5,0,0,0.0,2007-06-21,17.0,1,16793400.0,0.0,0.0,7618.82,1,1,Beijing,8.0,1679.34,00
6,3001,辽宁省体育基金会,6,0,0,1.0,1989-10-14,5.0,4,0.0,0.0,0.0,2716.91,1,0,Liaoning,26.0,0.0,00
10,250,中国煤矿尘肺病防治基金会,14,0,1,1.0,2003-10-31,8.0,4,8755000.0,5829949.44,120.0,4653.85,1,1,Hebei,12.0,1458.49,01
11,1147,宁夏回族自治区燕宝慈善基金会,12,0,1,0.0,2010-12-22,5.0,5,0.0,161624702.0,0.0,1567.53,0,0,Ningxia,5.0,16162.47,01
15,59,上海市儿童健康基金会,0.0,0,0.0,1.0,1992年07月07日,22.0,5,10278131.8,663092.72,0.0,2585.46,0,0,Shanghai,23.0,1094.12,00.0
18,3012,辽宁省大连海洋大学教育发展基金会,2,0,0,0.0,2010-11-15,25.0,4,0.0,500000.0,0.0,336.9,1,0,Liaoning,5.0,50.0,00
19,3164,陕西九九老龄事业基金会,5,0,0,0.0,2011-04-20,5.0,3,0.0,0.0,0.0,3403.64,0,0,Shaanxi,4.0,0.0,00
24,244,中国残疾人福利基金会,56,0,1,1.0,1984-03-15,20.0,5,545582185.87,5234947.8,300.0,82328.4,1,1,Beijing,31.0,55081.71,01
27,1060,天津外国语大学教育发展基金会,1,0,0,0.0,2005-10-14,8.0,3,6441790.68,4518.0,0.0,841.3,1,0,Tianjin,10.0,644.63,00
29,1315,山西省代县雁门济困助学教育基金会,0,0,0,0.0,2012-05-21,9.0,3,0.0,0.0,0.0,1236.43,1,0,Shanxi,3.0,0.0,00
31,2684,瑞安市社会组织发展基金会,1,0,0,0.0,2013-01-08,6.0,4,60000.0,0.0,2.0,486.79,1,0,Zhejiang,2.0,6.0,00
34,3216,陕西省青少年发展基金会,10,0,0,1.0,2011-12-19,20.0,4,21052275.47,0.0,0.0,1163.47,1,0,Shaanxi,4.0,2105.23,00
40,1774,昆明市见义勇为基金会,2,3,0,1.0,2003-02-13,25.0,3,0.0,100000.0,155.5,1265.88,1,0,Yunnan,12.0,10.0,30
45,2057,河北省教育基金会,2,0,0,0.0,1996-10-04,9.0,4,868983.5,0.0,0.0,271.45,1,0,Hebei,19.0,86.9,00
48,1255,宝鸡市残疾人福利基金会,3,0,0,1.0,2010-03-03,25.0,4,72000.0,5842845.32,40.0,862.95,1,0,Shaanxi,5.0,591.48,00
49,252,中国牙病防治基金会,1,0,0,1.0,1994-04-01,25.0,3,2896377.52,128217.84,110.0,994.23,1,1,Beijing,21.0,302.46,00
50,179,中华全国体育基金会,4,2,1,1.0,1994-04-01,19.0,4,56623761.92,12795864.66,0.0,108687.51,1,1,Beijing,21.0,6941.96,21
51,1324,山西省合创爱心助困基金会,0,0,0,0.0,2007-06-14,6.0,4,0.0,200000.0,0.0,217.95,0,0,Shanxi,8.0,20.0,00
52,19,上海交通大学教育发展基金会,14.0,0,0.0,0.0,2005年01月27日,15.0,5,267234564.76,8000000.0,0.0,126972.43,1,0,Shanghai,10.0,27523.46,00.0
58,3092,重庆市武隆县扶贫基金会,3,0,0,1.0,2012-12-05,15.0,3,0.0,6512000.0,0.0,1044.17,1,0,Chongqing,3.0,651.2,00
65,1835,桐乡市人民教育基金会,1,0,0,1.0,2010-04-22,5.0,1,7721850.0,0.0,0.0,1638.13,1,0,Zhejiang,5.0,772.18,00
67,3129,长安大学教育基金会,3,0,0,0.0,2010-12-06,25.0,3,3133326.56,1341517.63,0.0,1017.32,1,0,Shaanxi,5.0,447.48,00
71,2071,河北省见义勇为基金会,8,0,0,1.0,1994-06-04,18.0,5,50000.0,1271.0,0.0,3078.53,1,0,Hebei,21.0,5.13,00
73,257,中国益民文化建设基金会,5,0,0,1.0,1993-08-31,12.0,1,0.0,0.0,0.0,938.74,1,1,Beijing,22.0,0.0,00
80,81,上海市帮困互助基金会,10.0,0,0.0,1.0,2003年12月25日,18.0,5,0.0,60973926.4,0.0,14763.66,1,0,Shanghai,12.0,6097.39,00.0
82,947,呼伦贝尔市扶贫基金会,3,0,0,1.0,2011-06-24,8.0,3,0.0,234000.0,0.0,416.55,1,0,Neimenggu,4.0,23.4,00
83,3408,重庆市急救医疗救助基金会,3,0,0,0.0,2006-03-01,10.0,2,0.0,0.0,0.0,216.14,1,0,Chongqing,9.0,0.0,00
85,2075,河北省青少年发展基金会,9,3,0,1.0,1993-06-07,13.0,5,18106095.83,0.0,0.0,5367.21,1,0,Hebei,22.0,1810.61,30
88,3617,云南杨丽萍民族文化艺术基金会,2,0,0,0.0,2013-10-15,5.0,3,0.0,1500000.0,0.0,442.95,0,0,Yunnan,2.0,150.0,00
91,1102,天津市青少年科学基金会,3,0,0,0.0,1994-06-24,8.0,1,0.0,133000.0,0.0,200.5,1,0,Tianjin,21.0,13.3,00
94,2939,西安电子科技大学教育基金会,4,0,0,0.0,2010-05-07,13.0,3,32347169.85,0.0,0.0,3844.67,1,0,Shaanxi,5.0,3234.72,00
99,218,中国华夏文化遗产基金会,9,0,0,1.0,2007-08-28,8.0,3,12090000.0,1658000.0,0.0,4764.57,1,1,Beijing,8.0,1374.8,00
103,3005,辽宁省公益基金会,3,0,0,1.0,2006-01-26,5.0,4,0.0,1421274.06,0.0,456.75,1,0,Liaoning,9.0,142.13,00
104,18,上海交响乐团文化发展基金会,2.0,0,0.0,0.0,1992年06月19日,7.0,5,0.0,20590000.0,0.0,10311.78,1,0,Shanghai,23.0,2059.0,00.0
105,2047,河北省佛教慈善基金会,8,0,0,0.0,2012-05-10,9.0,4,7184136.72,670274.9,0.0,1309.32,1,0,Hebei,3.0,785.44,00
115,350,云南省视界留学基金会,0,0,0,0.0,2010-02-10,7.0,3,0.0,500000.0,0.0,302.56,1,0,Yunnan,5.0,50.0,00
116,62,上海市华东师范大学教育发展基金会,8.0,0,0.0,0.0,2007年12月28日,20.0,4,44805959.84,62180.0,0.0,25684.95,1,0,Shanghai,8.0,4486.81,00.0
117,1066,天津市冬朋助学基金会,0,0,0,0.0,2007-11-07,7.0,3,0.0,170000.0,0.0,230.49,0,0,Tianjin,8.0,17.0,00
124,3160,陈嘉庚科学奖基金会,2,0,4,0.0,2003-02-20,24.0,2,0.0,3000000.0,0.0,4614.25,1,1,Beijing,12.0,300.0,04
125,332,云南省公安民警英烈基金会,3,3,0,1.0,2005-09-27,1.0,4,0.0,6536019.1,0.0,12429.09,1,0,Yunnan,10.0,653.6,30
127,2869,腾讯公益慈善基金会,13,0,0,0.0,2007-06-26,13.0,3,9907432.89,570618426.98,0.0,102394.49,0,1,Guangdong,8.0,58052.59,00
129,1834,桃源居公益事业发展基金会,5,0,0,0.0,2008-07-16,7.0,4,0.0,0.0,0.0,10380.93,0,1,Guangdong,7.0,0.0,00
132,2772,福建海西青年创业基金会,4,0,0,0.0,2007-06-01,7.0,4,0.0,492146.0,0.0,1108.82,1,0,Fujian,8.0,49.21,00
134,3089,重庆市卢作孚教育基金会,3,0,1,0.0,2010-06-12,9.0,3,2000000.0,0.0,0.0,468.57,0,0,Chongqing,5.0,200.0,01
135,2264,浙江省台州市农业技术推广基金会,1,0,0,1.0,2011-12-01,24.0,3,0.0,0.0,274.1,1334.18,1,0,Zhejiang,4.0,0.0,00
136,2998,辽宁爱之光防盲基金会,7,0,0,0.0,2006-10-08,8.0,4,0.0,3429937.4,0.0,1048.06,0,0,Liaoning,9.0,342.99,00
137,3028,辽宁省辽宁工程技术大学教育基金会,7,0,0,0.0,2009-07-29,17.0,4,191567.1,0.0,0.0,1058.86,1,0,Liaoning,6.0,19.16,00
141,1088,天津市海河文化发展基金会,3,0,0,1.0,2009-07-27,8.0,4,743511.56,1540860.19,0.0,446.99,0,0,Tianjin,6.0,228.44,00
144,2977,贵州省见义勇为基金会,5,1,0,1.0,2008-06-30,12.0,3,450200.0,0.0,430.0,1398.91,1,0,Guizhou,7.0,45.02,10
145,1054,大连慈善基金会,13,0,1,1.0,2006-03-02,25.0,5,26024870.18,9802.0,0.0,5946.02,1,0,Liaoning,9.0,2603.47,01
147,698,北京科技大学教育发展基金会,5,0,0,0.0,2012-05-09,7.0,3,32231708.88,17760862.46,0.0,9455.86,1,0,Beijing,3.0,4999.26,00
151,468,凯风公益基金会,7,0,0,0.0,2007-03-01,6.0,3,0.0,0.0,0.0,5317.89,0,1,Beijing,8.0,0.0,00
152,1638,广西红十字基金会,9,0,1,1.0,1995-03-06,19.0,5,9461938.73,410000.0,30.0,2991.28,1,0,Guangxi,20.0,987.19,01
153,1107,天津广播电视大学教育发展基金会,1,0,0,0.0,2007-02-06,13.0,4,0.0,0.0,0.0,208.6,1,0,Tianjin,8.0,0.0,00
155,2687,甘肃兴华青少年助学基金会,0,0,0,0.0,2012-02-16,7.0,3,0.0,5455101.8,0.0,1671.41,0,0,Gansu,3.0,545.51,00
159,1637,广西社会和谐稳定发展基金会,9,1,0,1.0,2010-12-28,18.0,5,0.0,3926380.76,90.0,1043.61,1,0,Guangxi,5.0,392.64,10
163,1077,天津市宏志教育基金会,0,0,0,0.0,2007-09-28,5.0,3,0.0,0.0,0.0,372.21,0,0,Tianjin,8.0,0.0,00
164,3450,重庆市星星灾害救助基金会,4,0,0,0.0,2008-11-27,9.0,1,0.0,160000.0,0.0,204.07,0,0,Chongqing,7.0,16.0,00
166,3,万科公益基金会,0,0,0,0.0,2008-09-04,7.0,3,9024026.1,80000420.0,0.0,20141.98,0,1,Guangdong,7.0,8902.44,00
167,3421,重庆市法律援助基金会,4,0,0,1.0,2007-06-27,23.0,4,1000000.0,1101888.6,10.0,502.12,1,0,Chongqing,8.0,210.19,00
169,138,上海科普教育发展基金会,5.0,0,0.0,1.0,2001年10月23日,23.0,5,0.0,4203000.0,0.0,9261.27,1,0,Shanghai,14.0,420.3,00.0
172,298,乌兰浩特市城乡困难群众大病医疗救助基金会,6,0,0,0.0,2011-04-13,9.0,3,0.0,0.0,0.0,1518.93,1,0,Neimenggu,4.0,0.0,00
178,690,北京理工大学教育基金会,7,2,0,0.0,2010-01-11,16.0,4,16387381.86,26634216.91,0.0,17481.23,1,1,Beijing,5.0,4302.16,20
181,223,中国古生物化石保护基金会,2,0,0,1.0,2008-10-30,16.0,3,0.0,3647332.0,37.0,1409.51,1,1,Beijing,7.0,364.73,00
183,1101,天津市青少年发展基金会,5,0,0,1.0,1997-08-20,7.0,5,7090590.01,278678.38,0.0,1500.89,1,0,Tianjin,18.0,736.93,00
186,3212,陕西省西安市老龄事业发展基金会,3,0,0,1.0,1995-04-04,17.0,3,0.0,50000.0,195.95,1780.72,1,0,Shaanxi,20.0,5.0,00
187,2313,浙江省革命老区发展基金会,0,0,0,1.0,2011-06-01,10.0,3,0.0,3100000.0,20.0,2233.24,1,0,Zhejiang,4.0,310.0,00
188,347,云南省老龄事业发展基金会,5,0,1,1.0,1988-06-25,24.0,4,0.0,3532000.0,0.0,1545.14,1,0,Yunnan,27.0,353.2,01
189,1189,安利公益基金会,8,0,0,0.0,2011-01-24,17.0,4,16258316.67,11393168.99,0.0,7462.2,0,1,Beijing,4.0,2765.15,00
191,1636,广西民族教育发展基金会,6,0,0,1.0,2009-04-22,13.0,5,0.0,50750000.0,0.0,17250.33,1,0,Guangxi,6.0,5075.0,00
193,2926,葫芦岛市见义勇为基金会,5,0,0,1.0,2011-11-24,25.0,4,0.0,0.0,0.0,835.83,1,0,Liaoning,4.0,0.0,00
194,130,上海特殊关爱基金会,3.0,0,0.0,0.0,2008年07月31日,15.0,4,7078575.0,5000000.0,0.0,1879.05,0,0,Shanghai,7.0,1207.86,00.0
196,2963,贵州省六盘水市见义勇为基金会,3,2,0,1.0,2012-03-05,16.0,4,328226.76,0.0,20.0,1457.25,1,0,Guizhou,3.0,32.82,20
198,2056,河北省撒可富教育基金会,0,0,0,0.0,2005-06-13,5.0,4,0.0,328500.0,0.0,1762.39,0,0,Hebei,10.0,32.85,00
199,2069,河北省老年事业发展基金会,11,0,0,1.0,2011-05-31,8.0,5,0.0,16256.76,0.0,442.93,1,0,Hebei,4.0,1.63,00
202,3219,陕西省黄土地陕北民歌发展基金会,3,0,0,0.0,2010-01-06,5.0,3,0.0,140000.0,0.0,210.07,1,0,Shaanxi,5.0,14.0,00
203,3333,黑龙江省青少年发展基金会,15,3,0,1.0,1988-08-17,18.0,5,14219495.01,0.0,0.0,2730.79,1,0,Heilongjiang,27.0,1421.95,30
205,2318,浙江福泰隆慈善基金会,3,0,0,0.0,2010-12-15,7.0,3,0.0,630.0,0.0,1937.06,0,0,Zhejiang,5.0,0.06,00
206,99,上海师范大学教育发展基金会,0.0,0,0.0,0.0,2008年10月09日,18.0,4,0.0,8326826.53,0.0,3411.58,1,0,Shanghai,7.0,832.68,00.0
217,946,周培源基金会,4,0,0,0.0,1993-03-15,9.0,2,0.0,232000.0,0.0,959.83,0,1,Beijing,22.0,23.2,00
218,2701,甘肃省扶贫基金会,10,0,0,1.0,1990-11-01,7.0,3,0.0,360673.58,20.4,987.64,1,0,Guangdong,25.0,36.07,00
219,563,北京大学教育基金会,31,0,1,0.0,1995-07-04,23.0,5,569607553.57,889097.13,0.0,444744.96,1,1,Beijing,20.0,57049.67,01
220,2292,浙江省残疾人福利基金会,7,0,0,1.0,1985-06-08,15.0,5,9038884.0,3198754.62,0.0,2391.47,1,0,Zhejiang,30.0,1223.76,00
224,876,厦门残疾人福利基金会,3,0,0,1.0,2006-01-16,23.0,2,32496522.72,330800.0,150.0,4507.39,1,0,Fujian,9.0,3282.73,00
225,3416,重庆市华岩文教基金会,7,0,0,1.0,2006-05-08,10.0,3,300511.0,2796812.5,0.0,758.98,0,0,Chongqing,9.0,309.73,00
226,964,哈尔滨市香坊区残疾人福利基金会,4,4,0,1.0,2009-06-26,19.0,4,0.0,2250.0,0.0,534.95,1,0,Heilongjiang,6.0,0.22,40
229,2742,石狮市蔡辉煌教育基金会,0,0,0,0.0,2008-05-06,11.0,3,0.0,0.0,0.0,277.59,0,0,Fujian,7.0,0.0,00
230,3042,达拉特旗人民教育基金会,1,0,0,1.0,2009-12-17,13.0,3,0.0,2827014.5,0.0,732.28,1,0,Neimenggu,6.0,282.7,00
231,2033,沈阳市残疾人福利基金会,0,0,0,1.0,2008-01-08,7.0,3,2464982.0,40424.32,0.0,804.38,1,0,Liaoning,7.0,250.54,00
232,272,中国艺术节基金会,6,0,0,1.0,1988-09-01,7.0,1,0.0,5851714.39,0.0,896.62,1,1,Beijing,27.0,585.17,00
235,1617,广西华侨爱心基金会,5,0,0,1.0,2009-08-18,7.0,5,0.0,3662440.0,0.0,506.25,1,0,Guangxi,6.0,366.24,00
237,1815,杭州市萧山区人民教育基金会,1,0,0,1.0,1990-05-08,18.0,2,0.0,11440900.0,0.0,2151.68,1,0,Zhejiang,25.0,1144.09,00
238,2366,海盐县农业技术推广基金会,3,1,0,1.0,2013-12-05,10.0,5,0.0,0.0,95.0,753.81,1,0,Zhejiang,2.0,0.0,10
241,341,云南省法律援助基金会,4,1,0,1.0,2009-10-27,25.0,2,3054725.0,5730.0,0.0,2019.43,1,0,Yunnan,6.0,306.05,10
243,247,中国法学交流基金会,5,0,1,1.0,1986-05-15,10.0,1,9682500.0,0.0,0.0,1102.43,1,1,Beijing,29.0,968.25,01
244,891,台州市黄岩区教育发展基金会,0,0,0,1.0,2009-03-03,8.0,3,0.0,53650000.0,0.0,413.81,1,0,Zhejiang,6.0,5365.0,00
245,3205,陕西省神木县民生慈善基金会,16,0,0,0.0,2011-06-15,25.0,4,2386100.0,0.0,0.0,281916.07,1,0,Shaanxi,4.0,238.61,00
248,1176,宁波市海曙区人民教育基金会,0,0,0,1.0,2005-11-28,9.0,3,0.0,500000.0,0.0,3449.16,1,0,Zhejiang,10.0,50.0,00
249,1089,天津市滨海社会救助基金会,2,0,0,0.0,2008-06-26,5.0,3,0.0,0.0,0.0,194.2,0,0,Tianjin,7.0,0.0,00
250,1068,天津市华夏器官移植救助基金会,1,0,0,0.0,2007-11-22,5.0,3,540000.0,1125000.0,0.0,12501.82,0,0,Tianjin,8.0,166.5,00
252,3222,陕西美术事业发展基金会,0,0,0,1.0,2010-09-28,5.0,4,0.0,0.0,0.0,671.33,1,0,Shaanxi,5.0,0.0,00
253,2984,贵州省青年创业就业基金会,5,1,0,1.0,2009-08-05,15.0,5,1050000.0,625000.0,0.0,496.53,1,0,Guizhou,6.0,167.5,10
255,263,中国移动慈善基金会,7,0,0,0.0,2009-07-13,12.0,3,0.0,38000000.0,0.0,10198.12,0,1,Beijing,6.0,3800.0,00
259,191,中华见义勇为基金会,12,5,5,1.0,1993-06-01,23.0,3,10800000.0,4161850.0,1000.0,14196.76,1,1,Beijing,22.0,1496.18,55
266,2983,贵州省青少年发展基金会,16,1,0,1.0,1991-05-01,4.0,5,171523886.22,543000.0,260.0,3642.38,1,0,Guizhou,24.0,17206.69,10
277,3280,韬奋基金会,12,0,1,0.0,1986-09-12,21.0,3,32986965.96,0.0,0.0,9429.83,1,1,Beijing,29.0,3298.7,01
281,2221,浙江孤山慈善基金会,2,0,0,0.0,2010-04-23,5.0,3,0.0,0.0,0.0,1065.04,0,0,Zhejiang,5.0,0.0,00
282,269,中国职工发展基金会,0,1,2,1.0,1994-04-05,13.0,1,0.0,0.0,0.0,4717.24,1,1,Beijing,21.0,0.0,12
285,3227,陕西鱼化龙创业基金会,3,0,0,0.0,2010-02-05,5.0,3,0.0,43200.0,0.0,548.98,0,0,Shaanxi,5.0,4.32,00
286,2822,福建省青少年发展基金会,10,0,0,1.0,1993-07-15,22.0,5,16052531.01,5887.2,2.0,3650.01,1,0,Fujian,22.0,1605.84,00
287,2176,泛海公益基金会,5,0,0,0.0,2010-10-25,7.0,4,0.0,442992350.0,0.0,20172.15,0,1,Beijing,5.0,44299.24,00
289,954,哈尔滨市公安民警救助基金会,1,4,0,1.0,2010-05-26,8.0,3,0.0,500000.0,0.0,3653.67,1,0,Heilongjiang,5.0,50.0,40
293,330,云南滇池保护治理基金会,4,1,0,1.0,2010-04-06,15.0,3,1505.0,0.0,0.0,1654.17,1,0,Yunnan,5.0,0.15,10
295,1349,山西省汾酒集团公益基金会,0,0,0,0.0,2010-12-09,18.0,4,0.0,0.0,0.0,1340.25,0,0,Shanxi,5.0,0.0,00
296,245,中国民航科普基金会,6,0,1,1.0,2006-03-06,23.0,3,5147004.92,0.0,0.0,5679.84,1,1,Beijing,9.0,514.7,01
300,3015,辽宁省抚顺市爱心教育基金会,3,0,0,0.0,2005-12-15,23.0,3,0.0,1174337.62,0.0,347.38,1,0,Liaoning,10.0,117.43,00
302,3460,中国保护黄河基金会,8,0,0,1.0,2009-10-09,11.0,2,0.0,2002600.0,0.0,3654.19,1,1,Henan,6.0,200.26,00
304,712,北京航空航天大学教育基金会,11,0,0,0.0,2005-05-17,14.0,4,99222660.54,0.0,0.0,59396.7,1,1,Beijing,10.0,9922.27,00
307,2844,纺织之光科技教育基金会,5,0,0,0.0,2008-05-08,25.0,3,866000.0,2238000.0,0.0,11263.09,1,1,Beijing,7.0,310.4,00
308,213,中国出生缺陷干预救助基金会,6,0,2,1.0,2011-08-30,6.0,3,5544955.44,2066070.74,10010.0,17194.32,1,1,Beijing,4.0,761.1,02
309,2034,沈阳市职工爱心慈善基金会,1,0,1,1.0,2006-09-19,25.0,5,7181402.9,0.0,26.95,3492.84,1,0,Liaoning,9.0,718.14,01
318,2220,浙江大学教育基金会,52,0,1,0.0,2006-07-27,14.0,5,352880041.3,0.0,0.0,203784.94,1,1,Zhejiang,9.0,35288.0,01
320,76,上海市拥军优属基金会,13.0,0,0.0,1.0,1995年04月07日,21.0,3,913150.0,11887300.0,1464.8,77691.7,1,0,Shanghai,20.0,1280.04,00.0
321,1866,比亚迪慈善基金会,3,0,0,0.0,2010-07-19,13.0,3,5244360.0,11616582.5,0.0,2729.84,0,1,Guangdong,5.0,1686.09,00
324,2070,河北省职工互助基金会,4,0,0,0.0,2011-12-20,15.0,5,100000.0,0.0,0.0,748.94,1,0,Hebei,4.0,10.0,00
332,212,中国农业大学教育基金会,6,0,1,0.0,2009-09-02,21.0,4,41577992.25,5011.0,0.0,11101.18,1,1,Beijing,6.0,4158.3,01
333,3074,鄂尔多斯市成吉思汗基金会,0,0,0,0.0,1991-07-05,9.0,3,0.0,0.0,360.0,454.27,1,0,Neimenggu,24.0,0.0,00
334,2720,白银市社会救助基金会,1,2,0,1.0,2008-06-27,10.0,2,0.0,0.0,0.0,101.61,1,0,Gansu,7.0,0.0,20
335,1092,天津市福老基金会,4,0,0,1.0,2008-12-28,5.0,4,0.0,0.0,0.0,2447.52,1,0,Tianjin,7.0,0.0,00
339,233,中国少年儿童文化艺术基金会,12,0,0,1.0,1991-03-05,11.0,3,23038952.57,0.0,0.0,3357.6,1,1,Beijing,24.0,2303.9,00
341,2831,福建运盛青年基金会,0,0,0,0.0,1993-05-24,16.0,5,0.0,0.0,22.0,365.42,1,0,Fujian,22.0,0.0,00
345,3350,宁夏回族自治区残疾人福利基金会,4,1,1,1.0,1985-04-09,47.0,4,0.0,3144000.0,50.0,1564.89,1,0,Ningxia,30.0,314.4,11
350,307,云南三益文化国防基金会,8,0,0,0.0,2010-01-14,19.0,5,0.0,345900.0,0.0,364.41,1,0,Yunnan,5.0,34.59,00
351,3338,黑龙江飞鹤乳业有限公司助学基金会,1,0,0,0.0,2006-08-28,5.0,4,0.0,0.0,0.0,1023.56,0,0,Heilongjiang,9.0,0.0,00
353,2314,浙江省马寅初人口福利基金会,4,0,0,1.0,1994-09-06,13.0,4,200.0,1061924.47,0.0,2540.3,1,0,Zhejiang,21.0,106.21,00
354,2666,爱佑慈善基金会,42,0,0,0.0,2008-05-06,21.0,5,239475374.68,112413155.92,0.0,43783.63,0,1,Beijing,7.0,35188.85,00
357,36,上海唐君远教育基金会,1.0,0,0.0,0.0,1999年05月27日,13.0,5,0.0,5693026.54,0.0,20813.24,0,0,Shanghai,16.0,569.3,00.0
358,3430,重庆缙云山养生慈爱基金会,2,0,0,0.0,2007-09-24,5.0,2,1042900.0,102000.0,0.0,378.04,0,0,Chongqing,8.0,114.49,00
359,3206,陕西省红十字基金会,5,1,0,1.0,2009-03-31,7.0,3,0.0,5201568.0,0.0,1591.41,1,0,Shaanxi,6.0,520.16,10
361,892,台州职业技术学院涌泉奖助基金会,0,0,0,0.0,2007-04-20,9.0,4,0.0,771110.71,0.0,972.02,1,0,Zhejiang,8.0,77.11,00
363,185,中华思源工程扶贫基金会,41,1,1,1.0,2007-03-22,20.0,4,214451990.91,41050.49,120.0,25453.4,1,1,Beijing,8.0,21449.3,11
366,267,中国绿色碳汇基金会,16,0,0,1.0,2010-07-19,14.0,4,53153126.41,227493.0,60.0,15499.6,1,1,Beijing,5.0,5338.06,00
369,115,上海民建扶帮公益基金会,0.0,8,0.0,0.0,2009年07月31日,17.0,3,4557479.8,4766621.0,0.0,2375.33,1,0,Shanghai,6.0,932.41,80.0
370,3731,朝阳市教育基金会,5,0,0,1.0,2014-03-11,19.0,1,0.0,1664130.28,0.0,718.79,1,0,Liaoning,1.0,166.41,00
371,2738,石家庄市志愿服务基金会,3,2,0,0.0,2011-03-29,25.0,5,444536.11,0.0,0.0,768.23,1,0,Hebei,4.0,44.45,20
379,182,中华国际医学交流基金会,11,0,0,1.0,1988-06-13,12.0,3,0.0,116304135.02,0.0,11852.99,1,1,Beijing,27.0,11630.41,00
380,3221,陕西纯山教育基金会,9,0,0,0.0,2006-09-15,7.0,4,3552578.54,522071.97,20.0,596.32,0,0,Shaanxi,9.0,407.47,00
381,410,内蒙古乌拉特后旗盛安爱心济困基金会,3,0,0,0.0,2012-04-17,11.0,3,0.0,0.0,0.0,200.4,0,0,Neimenggu,3.0,0.0,00
386,346,云南省绿色环境发展基金会,9,0,1,1.0,2008-01-14,15.0,4,11301106.32,0.0,0.0,1228.04,1,0,Yunnan,7.0,1130.11,01
389,3190,陕西省宝鸡市老龄事业发展基金会,4,0,0,1.0,1989-08-12,16.0,1,0.0,87600.0,28.3,485.78,1,0,Shaanxi,26.0,8.76,00
390,271,中国航天基金会,12,0,0,1.0,1995-03-01,18.0,3,1300000.0,6300130.0,0.0,12374.82,1,1,Beijing,20.0,760.01,00
391,2270,浙江省妇女儿童基金会,12,0,0,1.0,1981-04-04,25.0,4,11202353.19,447420.93,0.0,1325.24,1,0,Zhejiang,34.0,1164.98,00
392,256,中国癌症基金会,29,0,0,1.0,1984-10-26,19.0,4,4285512865.25,5186065.42,135.0,124972.29,1,1,Beijing,31.0,429069.89,00
396,3291,马海德基金会,0,0,0,0.0,1989-12-26,13.0,1,0.0,1281746.6,0.0,916.23,0,1,Beijing,26.0,128.17,00
400,3088,重庆市南川区教育基金会,1,0,0,0.0,2010-07-07,17.0,2,1363753.1,0.0,0.0,234.9,1,0,Chongqing,5.0,136.38,00
404,67,上海市大学生科技创业基金会,6.0,0,0.0,1.0,2006年08月15日,15.0,4,1000000.0,0.0,1800.0,126680.55,1,0,Shanghai,9.0,100.0,00.0
406,2080,河北进德公益基金会,26,1,0,0.0,2011-05-31,7.0,4,13873566.76,430070.23,0.0,1167.41,0,0,Hebei,4.0,1430.36,10
410,2763,福建大丰文化基金会,6,0,0,0.0,1991-01-08,5.0,4,300000.0,764272.0,0.0,1278.9,0,0,Fujian,24.0,106.43,00
422,1058,天津南开大学教育基金会,15,1,1,0.0,2004-06-02,16.0,5,72705411.25,0.0,0.0,16019.24,1,0,Tianjin,11.0,7270.54,11
424,2308,浙江省阳光教育基金会,5,0,0,0.0,2010-08-11,13.0,4,2063262.8,600000.0,10.0,1421.28,0,0,Zhejiang,5.0,266.33,00
431,227,中国国际文化交流基金会,1,0,0,1.0,1984-07-05,5.0,3,13613645.3,0.0,0.0,4477.38,1,1,Beijing,31.0,1361.36,00
432,235,中国志愿服务基金会,16,0,2,1.0,2009-02-16,16.0,4,9923210.0,3669722.44,0.0,9036.4,1,1,Beijing,6.0,1359.29,02
433,356,西双版纳州热带雨林保护基金会,4,0,0,1.0,2010-06-21,19.0,3,0.0,190000.0,0.0,667.33,1,0,Yunnan,5.0,19.0,00
434,1628,广西师范大学教育发展基金会,5,0,0,0.0,2006-11-28,19.0,5,2705669.1,0.0,0.0,3991.76,1,0,Guangxi,9.0,270.57,00
443,2066,河北师范大学教育基金会,4,0,0,0.0,2010-03-05,13.0,5,199050.0,1130669.0,0.0,1721.13,1,0,Hebei,5.0,132.97,00
446,448,内蒙古自治区残疾人福利基金会,7,1,0,1.0,2005-12-22,11.0,3,6000000.0,28215664.0,25.0,1936.57,1,0,Neimenggu,10.0,3421.57,10
448,222,中国发展研究基金会,19,0,3,1.0,1997-11-27,17.0,4,98783446.57,0.0,50.0,27533.38,1,1,Beijing,18.0,9878.34,03
450,505,北京交通大学教育基金会,10,0,0,0.0,2009-07-29,19.0,4,45342707.45,10661135.44,0.0,22230.78,1,1,Beijing,6.0,5600.38,00
454,1680,心和公益基金会,10,0,0,0.0,2008-09-19,8.0,3,0.0,22200290.0,0.0,5097.44,0,1,Beijing,7.0,2220.03,00
456,205,中国保护消费者基金会,8,0,0,1.0,1989-11-27,8.0,1,0.0,0.0,0.0,1026.46,1,1,Beijing,26.0,0.0,00
458,3184,陕西省农业发展基金会,3,0,0,0.0,2005-09-13,7.0,2,0.0,608374.2,0.0,302.19,1,0,Shaanxi,10.0,60.84,00
461,184,中华少年儿童慈善救助基金会,47,0,0,1.0,2009-09-10,17.0,3,334446402.04,2616807.38,0.0,28850.31,1,1,Beijing,6.0,33706.32,00
463,112,上海曙光中医药研究发展基金会,2.0,0,0.0,0.0,2009年05月20日,23.0,4,0.0,2662200.0,0.0,385.49,0,0,Shanghai,6.0,266.22,00.0
468,77,上海市教育发展基金会,10.0,0,0.0,1.0,1994年02月08日,24.0,5,95604899.03,1202557.82,0.0,34930.49,1,0,Shanghai,21.0,9680.75,00.0
472,3311,黑龙江省东北林业大学教育发展基金会,4,9,0,0.0,2010-04-12,19.0,4,3054400.0,0.0,0.0,564.63,1,0,Heilongjiang,5.0,305.44,90
473,1053,大连市青少年发展基金会,6,0,0,0.0,2005-10-25,11.0,5,16510520.24,123913.35,0.0,3511.01,1,0,Liaoning,10.0,1663.44,00
479,1086,天津市残疾人福利基金会,5,3,0,1.0,1990-02-09,23.0,4,1402870.3,12570272.14,1.5,1951.96,1,0,Tianjin,25.0,1397.31,30
482,2696,甘肃省公安民警英烈基金会,4,0,0,1.0,2009-01-13,25.0,3,0.0,1200000.0,0.0,1604.12,1,0,Gansu,6.0,120.0,00
484,3099,重庆师范大学教育发展基金会,4,0,0,0.0,2011-12-27,10.0,2,0.0,6561998.0,0.0,1300.41,1,0,Chongqing,4.0,656.2,00
489,1057,天津中国民航大学教育发展基金会,0,0,0,0.0,2006-08-01,11.0,3,1647438.02,0.26,0.0,3753.46,1,0,Tianjin,9.0,164.74,00
494,449,内蒙古自治区青少年发展基金会,8,0,0,1.0,1990-07-10,15.0,4,10663649.02,180000.0,0.0,2912.03,1,0,Neimenggu,25.0,1084.36,00
496,321,云南大益爱心基金会,6,0,0,0.0,2007-12-12,6.0,5,0.0,12430830.0,0.0,11432.59,0,0,Yunnan,8.0,1243.08,00
502,2258,浙江省农业技术推广基金会,9,1,0,1.0,1995-08-08,19.0,4,0.0,0.0,0.0,14727.91,1,0,Zhejiang,20.0,0.0,10
506,183,中华国际科学交流基金会,11,0,0,1.0,1999-07-01,7.0,2,12280000.0,0.0,0.0,842.28,1,1,Beijing,16.0,1228.0,00
514,273,中国西部人才开发基金会,16,0,0,1.0,2006-09-18,21.0,4,29837010.0,3281890.0,100.0,5995.13,1,1,Beijing,9.0,3311.89,00
518,343,云南省温暖工程慈善基金会,3,0,0,1.0,2011-03-02,5.0,2,1270000.0,0.0,0.0,482.76,1,0,Yunan,4.0,127.0,00
520,2295,浙江省瑞安中学教育发展基金会,3,0,0,0.0,2013-01-08,8.0,5,407025.0,4659804.09,0.0,1504.92,1,0,Zhejiang,2.0,506.68,00
522,3418,重庆市光明基金会,1,0,0,0.0,2007-03-19,9.0,2,0.0,0.0,0.0,721.65,0,0,Chongqing,8.0,0.0,00
523,2953,诸暨市九鼎教育基金会,0,0,0,0.0,2007-04-20,6.0,5,0.0,0.0,0.0,201.72,0,0,Zhejiang,8.0,0.0,00
528,3025,辽宁省见义勇为基金会,4,0,0,1.0,1997-06-09,19.0,3,0.0,0.0,410.0,580.23,1,0,Liaoning,18.0,0.0,00
532,2764,福建宏利基金会,2,0,0,0.0,1999-06-18,15.0,3,0.0,703000.0,0.0,210.71,0,0,Fujian,16.0,70.3,00
539,188,中华社会救助基金会,34,0,1,1.0,2009-01-12,13.0,4,167873164.19,5839938.66,120.0,15477.42,1,1,Beijing,6.0,17371.31,01
544,1067,天津市冯骥才民间文化基金会,1,0,0,0.0,2004-12-31,6.0,3,0.0,0.0,0.0,1095.63,0,0,Tianjin,11.0,0.0,00
546,200,中国人口福利基金会,33,0,0,1.0,1987-06-10,19.0,4,199915832.3,5296575.72,1797.87,23134.87,1,1,Beijing,28.0,20521.24,00
550,3539,河北省妇女儿童发展基金会,3,0,1,1.0,1982-02-08,25.0,5,12514315.65,456400.0,0.0,1805.48,1,0,Hebei,33.0,1297.07,01
551,3207,陕西省老龄事业发展基金会,6,0,0,1.0,1988-02-03,11.0,3,0.0,2241964.3,150.0,5453.95,1,0,Shaanxi,27.0,224.2,00
558,1073,天津市妇女儿童发展基金会,7,0,1,1.0,2004-11-22,22.0,4,20282101.14,0.0,107.5,3387.93,1,0,Tianjin,11.0,2028.21,01
566,351,云南省青少年发展基金会,14,0,0,1.0,1994-07-06,10.0,5,91589770.11,0.0,0.0,16276.87,1,0,Yunnan,21.0,9158.98,00
568,1844,榆林市胡星元慈善基金会,2,1,0,0.0,2006-06-16,7.0,3,0.0,0.0,0.0,2610.36,1,0,Shaanxi,9.0,0.0,10
570,967,哈尔滨理工大学教育发展基金会,2,0,0,0.0,2010-10-12,11.0,4,1651748.0,3000.0,0.0,815.67,1,0,Heilongjiang,5.0,165.47,00
574,3169,陕西妇女儿童发展基金会,6,0,0,1.0,2009-11-19,9.0,4,11467978.34,40610.98,0.0,821.2,1,0,Shaanxi,6.0,1150.86,00
576,957,哈尔滨市残疾人福利基金会,7,1,0,1.0,1986-06-25,15.0,4,1208372.8,269104.1,0.0,1147.2,1,0,Heilongjiang,29.0,147.75,10
577,189,中华社会文化发展基金会,11,0,0,1.0,1993-02-09,17.0,3,22881092.95,2324402.05,0.0,5167.53,1,1,Beijing,22.0,2520.55,00
580,925,吉林省教育基金会,6,0,0,1.0,1988-06-06,9.0,3,0.0,2262.12,0.0,2190.02,1,0,Jilin,27.0,0.23,00
581,331,云南省俊发教育扶贫基金会,1,0,0,0.0,2007-06-01,5.0,3,1638890.0,0.0,0.0,485.2,0,0,Yunnan,8.0,163.89,00
585,3269,青海省雪域仁济慈善基金会,6,0,0,0.0,2008-12-17,5.0,3,2662280.0,2707298.0,0.0,209.95,0,0,Qinghai,7.0,536.96,00
586,2828,福建福海文教基金会,4,0,0,0.0,1994-08-03,19.0,3,0.0,2000.0,18.0,241.55,0,0,Fujian,21.0,0.2,00
587,3398,重庆市彭水王应田教育基金会,2,0,0,0.0,1996-06-20,5.0,1,0.0,0.0,0.0,562.81,0,0,Chongqing,19.0,0.0,00
592,1064,天津市体育发展基金会,0,0,0,1.0,2012-02-27,12.0,3,0.0,0.0,0.0,1616.58,1,0,Tianjin,3.0,0.0,00
593,2710,甘肃省老年基金会,5,0,0,1.0,1988-06-16,3.0,2,600000.0,0.0,0.0,607.73,1,0,Gansu,27.0,60.0,00
594,56,上海市人口福利基金会,0.0,0,0.0,1.0,1992年03月18日,25.0,5,4919343.29,442142.32,0.0,803.59,1,0,Shanghai,23.0,536.15,00.0
595,1837,桐庐县老龄事业发展基金会,1,0,0,1.0,2009-04-18,28.0,3,39900.0,0.0,0.0,575.82,1,0,Zhejiang,6.0,3.99,00
598,1843,榆林学院教育发展基金会,6,0,0,0.0,2012-06-21,10.0,3,0.0,2905978.0,0.0,1180.4,1,0,Shaanxi,3.0,290.6,00
601,3161,陈香梅公益基金会,5,0,0,0.0,2010-06-22,9.0,3,2575726.89,330305.16,220.0,2199.85,0,1,Beijing,5.0,290.6,00
603,3182,陕西省公安民警英烈基金会,6,0,0,1.0,2010-12-06,25.0,3,0.0,2056850.0,0.0,9436.28,1,0,Shaanxi,5.0,205.68,00
606,3327,黑龙江省残疾人福利基金会,7,1,0,1.0,1986-06-20,25.0,5,0.0,15941291.79,0.0,1317.86,1,0,Heilongjiang,29.0,1594.13,10
608,349,云南省见义勇为基金会,3,2,1,1.0,2002-10-22,25.0,4,0.0,129201.79,460.0,10731.96,1,0,Yunnan,13.0,12.92,21
611,2068,河北省红十字基金会,16,0,0,1.0,2008-12-28,21.0,5,0.0,9743720.69,0.0,3021.92,1,0,Hebei,7.0,974.37,00
612,274,中国金融教育发展基金会,14,0,0,1.0,1992-05-14,20.0,3,34359262.2,5148726.8,0.0,11053.62,1,1,Beijing,23.0,3950.8,00
613,72,上海市应昌期围棋教育基金会,6.0,0,0.0,0.0,2002年01月10日,5.0,3,0.0,0.0,12.0,4081.69,0,0,Shanghai,13.0,0.0,00.0
615,3170,陕西存义公益基金会,2,0,0,0.0,2012-06-21,14.0,3,0.0,0.0,0.0,568.58,0,0,Shaanxi,3.0,0.0,00
617,886,台州市社会组织发展基金会,0,0,0,0.0,2009-12-03,5.0,4,0.0,420000.0,0.0,1516.49,1,0,Zhejiang,6.0,42.0,00
618,2834,福建集美大学教育发展基金会,2,0,0,0.0,1993-09-10,23.0,3,17345460.87,1000000.0,0.0,13500.64,1,0,Fujian,22.0,1834.55,00
624,2676,王振滔慈善基金会,4,0,0,0.0,2006-12-07,13.0,3,2500000.0,6500000.0,0.0,2024.22,0,1,Zhejiang,9.0,900.0,00
628,1407,平阳县社会治安综合治理基金会,3,0,0,1.0,2011-06-01,5.0,3,0.0,0.0,80.0,327.51,1,0,Zhejiang,4.0,0.0,00
634,52,上海工商界爱国建设特种基金会,2.0,0,0.0,0.0,1993年01月08日,23.0,3,0.0,0.0,0.0,21099.41,0,0,Shanghai,22.0,0.0,00.0
641,960,哈尔滨市见义勇为奖励基金会,0,4,0,1.0,2000-10-11,14.0,3,0.0,0.0,0.0,780.84,1,0,Heilongjiang,15.0,0.0,40
643,242,中国文物保护基金会,15,0,1,1.0,1990-07-17,13.0,3,27018181.34,1085317.72,612.88,3824.38,1,1,Beijing,25.0,2810.35,01
649,2061,河北省残疾人福利基金会,10,1,0,1.0,1986-01-01,6.0,5,7015400.91,4060695.72,0.0,1453.15,1,0,Hebei,29.0,1107.61,10
652,266,中国绿化基金会,19,0,2,1.0,1985-09-27,21.0,3,54451883.62,0.0,517.63,23382.48,1,1,Beijing,30.0,5445.19,02
656,1036,国家电网公益基金会,1,0,0,0.0,2009-03-12,8.0,3,16570000.0,0.0,0.0,15191.8,0,1,Beijing,6.0,1657.0,00
660,952,哈尔滨工业大学教育发展基金会,11,0,0,0.0,2009-11-24,21.0,5,50009919.53,9895230.3,0.0,20400.23,1,0,Heilongjiang,6.0,5990.51,00
661,3008,辽宁省国防教育基金会,1,0,0,1.0,2012-09-03,6.0,4,0.0,801109.0,0.0,409.62,1,0,Liaoning,3.0,80.11,00
662,2973,贵州省残疾人福利基金会,1,2,0,1.0,2009-05-05,20.0,4,6650000.0,0.0,0.0,589.29,1,0,Guizhou,6.0,665.0,20
664,2959,贵州省人口福利基金会,14,0,0,1.0,2009-03-18,6.0,5,35945122.83,3680857.99,60.9,16390.88,1,0,Guizhou,6.0,3962.6,00
672,2695,甘肃省世恩慈善基金会,3,0,0,0.0,2009-09-02,10.0,4,0.0,777129.0,0.0,297.02,0,0,Gansu,6.0,77.71,00
675,3602,丹东市双灵慈善基金会,1,0,0,0.0,2012-02-21,18.0,4,0.0,5452476.0,0.0,3239.69,0,0,Liaoning,3.0,545.25,00
677,1616,广西医学教育与科学研究发展基金会,2,0,0,1.0,2010-07-27,25.0,4,1335000.0,2800000.0,0.0,902.52,1,0,Guangxi,5.0,413.5,00
679,2971,贵州省教育发展基金会,21,0,0,1.0,2011-06-30,11.0,3,73103837.3,6859157.96,0.0,4412.69,1,0,Guizhou,4.0,7996.3,00
682,3325,黑龙江省妇女儿童基金会,8,0,0,1.0,1986-05-12,10.0,5,0.0,4229667.34,0.0,1207.36,1,0,Heilongjiang,29.0,422.97,00
683,3397,援助西藏发展基金会,20,4,3,1.0,1987-04-10,12.0,3,0.0,99657883.0,0.0,4126.55,1,1,Xizang,28.0,9965.79,43
688,3312,黑龙江省东北石油大学教育发展基金会,4,0,0,0.0,2010-09-13,11.0,4,205000.0,0.0,0.0,313.18,1,0,Heilongjiang,5.0,20.5,00
691,1799,李四光地质科学奖基金会,0,0,0,0.0,2007-04-03,17.0,2,0.0,0.0,0.0,3809.29,1,1,Beijing,8.0,0.0,00
692,930,吉林省神华社会救助基金会,2,0,0,0.0,2010-05-26,22.0,3,0.0,1500000.0,0.0,1046.31,0,0,Shanghai,5.0,150.0,00
697,3308,黑龙江大学教育发展基金会,5,0,0,0.0,2010-12-21,15.0,3,2560000.0,47500.0,0.0,834.44,1,0,Heilongjiang,5.0,260.75,00
700,427,内蒙古民族大学教育基金会,3,2,0,0.0,2013-04-01,6.0,3,1274775.4,100000.0,0.0,296.11,1,0,Neimenggu,2.0,137.48,20
703,1655,开明慈善基金会,4,1,2,0.0,2012-04-28,14.0,3,3190300.0,2216010.0,0.0,3387.73,1,1,Beijing,3.0,540.63,12
709,3131,长春工程学院教育基金会,2,1,0,0.0,2010-09-08,21.0,3,0.0,170000.0,0.0,220.13,1,0,Jilin,5.0,17.0,10
710,1043,大庆市老年福利基金会,5,0,0,1.0,1989-05-16,9.0,4,0.0,501620.0,0.0,969.61,1,0,Heilongjiang,26.0,50.16,00
713,4093,云南晟成扶贫助老基金会,5,0,1,0.0,2014-11-10,6.0,3,0.0,0.0,0.0,183.98,0,0,Yunnan,1.0,0.0,01
719,1127,孙冶方经济科学基金会,8,0,1,0.0,1983-06-19,16.0,3,2050000.0,4000000.0,0.0,3130.9,1,1,Beijing,32.0,605.0,01
721,2307,浙江省金融教育基金会,2,0,0,1.0,1993-09-18,20.0,3,605072.0,1457447.0,0.0,4037.48,1,0,Zhejiang,22.0,206.25,00
722,209,中国光彩事业基金会,7,0,1,1.0,2005-06-14,19.0,4,169536031.69,0.0,0.0,26199.79,1,1,Beijing,10.0,16953.6,01
726,215,中国医学基金会,8,0,0,1.0,1987-07-08,15.0,2,2931540.0,303320.0,0.0,877.82,1,1,Beijing,28.0,323.49,00
727,3213,陕西省西安残疾人福利基金会,7,0,0,1.0,2005-09-13,20.0,3,0.0,4289140.0,0.0,3401.4,1,0,Shaanxi,10.0,428.91,00
729,1313,山西省东冶建成教育基金会,0,0,0,0.0,2011-11-10,5.0,2,0.0,0.0,0.0,264.75,0,0,Shanxi,4.0,0.0,00
731,178,中华健康快车基金会,14,1,1,1.0,2002-08-02,9.0,4,7988704.0,14667365.88,0.0,6989.18,1,1,Beijing,13.0,2265.61,11
732,251,中国煤矿文化宣传基金会,5,0,0,1.0,1982-10-23,16.0,3,1500000.0,50000.0,0.0,1387.66,1,1,Beijing,33.0,155.0,00
736,238,中国教师发展基金会,7,0,0,1.0,1986-09-10,7.0,3,35035881.6,391803.72,154.06,5207.37,1,1,Beijing,29.0,3542.77,00
740,3423,重庆市残疾人福利基金会,10,0,0,1.0,2007-08-20,11.0,5,45584344.34,61711.35,70.8,5104.63,1,0,Chongqing,8.0,4564.61,00
742,1071,天津市南开菁英教育基金会,2,0,0,0.0,2011-11-21,13.0,3,0.0,0.0,0.0,490.82,0,0,Tianjin,4.0,0.0,00
745,248,中国法律援助基金会,23,1,1,1.0,1997-05-26,18.0,4,9750000.0,9161200.0,11100.0,15104.27,1,1,Beijing,18.0,1891.12,11
747,3091,重庆市彭水教育基金会,5,0,0,0.0,2012-06-07,11.0,4,1370626.0,450000.0,30.0,527.34,1,0,Chongqing,3.0,182.06,00
749,1047,大连市教育基金会,6,0,0,1.0,2008-03-24,10.0,3,0.0,2172000.0,0.0,1200.91,1,0,Liaoning,7.0,217.2,00
754,1062,天津宝坻桑梓助学基金会,4,0,0,1.0,2004-12-01,13.0,3,0.0,63357.69,0.0,9776.72,1,0,Tianjin,11.0,6.34,00
756,2956,象山县人民教育基金会,3,0,0,1.0,2005-02-23,23.0,3,5920000.0,2042624.3,18.0,5098.08,1,0,Zhejiang,10.0,796.26,00
762,326,云南教育基金会,10,0,1,1.0,1988-07-14,11.0,5,4307900.0,33216.0,0.0,4086.35,1,0,Yunnan,27.0,434.11,01
764,856,南都公益基金会,13,0,0,0.0,2007-05-11,10.0,4,2162532.44,20030000.14,0.0,11822.75,0,1,Beijing,8.0,2219.25,00
769,86,上海市老年基金会,8.0,0,0.0,1.0,1992年11月28日,25.0,4,30893136.0,36782276.76,4237.41,38476.33,1,0,Shanghai,23.0,6767.54,00.0
770,1648,延安教科文发展基金会,5,0,0,1.0,1990-05-07,9.0,3,0.0,573385.59,0.0,570.13,1,0,Shaanxi,25.0,57.34,00
772,216,中国医药卫生事业发展基金会,27,0,0,1.0,2005-12-07,13.0,4,0.0,14671515.0,150.0,7736.48,1,1,Beijing,10.0,1467.15,00
775,3455,重庆市妇女儿童基金会,3,0,1,1.0,2009-05-22,19.0,5,22037290.5,13137.0,0.0,2328.47,1,0,Chongqing,6.0,2205.04,01
777,2487,温州市永乐科技奖励医疗救助基金会,4,0,0,0.0,1989-12-01,11.0,4,1009833.62,0.0,0.0,503.42,1,0,Zhejiang,26.0,100.98,00
778,2985,贵州省青年志愿服务基金会,2,0,0,1.0,2010-06-13,12.0,5,6056216.96,100005.0,0.0,735.53,1,0,Guizhou,5.0,615.62,00
779,965,哈尔滨师范大学教育发展基金会,4,0,0,0.0,2010-08-11,12.0,4,1179762.0,40000.0,0.0,947.2,1,0,Heilongjiang,5.0,121.98,00
780,206,中国健康促进基金会,13,0,0,1.0,2006-12-18,18.0,1,211755756.98,0.0,100.0,11300.03,1,1,Beijing,9.0,21175.58,00
782,282,中社社会工作发展基金会,11,0,0,0.0,2011-03-29,7.0,3,41841255.03,11010140.3,100.0,7812.48,1,1,Beijing,4.0,5285.14,00
785,1075,天津市孙洪森助学基金会,0,0,0,0.0,2012-08-16,9.0,3,40000.0,0.0,0.0,218.42,0,0,Tianjin,3.0,4.0,00
793,2705,甘肃省治理荒漠化基金会,8,0,0,1.0,2008-05-20,5.0,4,0.0,800.0,0.0,577.86,1,0,Gansu,7.0,0.08,00
795,1063,天津市人口福利基金会,3,0,2,1.0,1997-01-01,21.0,3,0.0,0.0,0.0,618.29,1,0,Tianjin,18.0,0.0,02
796,2046,河北省京海明珠慈善基金会,3,0,0,0.0,2008-03-19,11.0,5,0.0,0.0,0.0,1456.17,0,0,Hebei,7.0,0.0,00
797,3290,香江社会救助基金会,5,0,0,0.0,2005-06-14,9.0,4,6973000.0,35974.0,0.0,10042.91,0,1,Guangdong,10.0,700.9,00
803,2740,石狮市蔡友玉教育基金会,1,0,0,0.0,2006-07-19,17.0,3,0.0,3036370.49,1.0,597.72,0,0,Fujian,9.0,303.64,00
808,2818,福建省邓子基教育基金会,1,0,0,0.0,2007-06-13,17.0,3,0.0,610000.0,0.0,564.72,0,0,Fujian,8.0,61.0,00
814,207,中国儿童少年基金会,56,0,3,1.0,1981-07-28,19.0,5,419655073.95,7755858.87,0.0,49550.91,1,1,Beijing,34.0,42741.09,03
815,236,中国扶贫基金会,157,0,2,1.0,1989-03-13,19.0,5,471023853.48,144000.0,0.0,273151.39,1,1,Beijing,26.0,47116.79,02
816,3211,陕西省西安城墙保护基金会,2,0,0,1.0,2011-12-02,15.0,3,0.0,0.0,0.0,338.87,1,0,Shaanxi,4.0,0.0,00
820,375,伊金霍洛旗扶贫基金会,2,0,0,0.0,2009-12-04,5.0,4,0.0,900000.0,0.0,610.23,1,0,Neimenggu,6.0,90.0,00
825,2085,河南大学教育发展基金会,5,0,0,0.0,2011-06-10,12.0,4,1964238.9,101.21,0.0,4065.46,1,1,Henan,4.0,196.43,00
830,431,内蒙古民族青年文化艺术基金会,0,0,0,0.0,2009-08-31,8.0,3,0.0,2000000.0,0.0,221.07,0,0,Neimenggu,6.0,200.0,00
832,2287,浙江省新华爱心教育基金会,29,0,0,1.0,2007-06-29,20.0,5,45625257.4,1650573.17,0.0,11305.62,0,0,Zhejiang,8.0,4727.58,00
833,260,中国禁毒基金会,23,1,0,1.0,1999-04-28,22.0,3,22349093.64,11142112.6,100.0,12842.02,1,1,Beijing,16.0,3349.12,10
835,2683,瑞安市公安民警救助奖励基金会,2,1,0,1.0,2004-02-26,15.0,4,0.0,3910000.0,0.0,742.88,1,0,Zhejiang,11.0,391.0,10
836,3196,陕西省楠竹教育基金会,1,0,0,0.0,2008-08-12,8.0,3,0.0,0.0,0.0,651.72,0,0,Shaanxi,7.0,0.0,00
838,3403,重庆市儿童医疗救助基金会,6,0,0,1.0,2005-08-22,11.0,5,3998150.99,0.0,300.0,1705.5,1,0,Chongqing,10.0,399.82,00
839,63,上海市华侨事业发展基金会,11.0,0,0.0,1.0,2006年05月17日,11.0,4,15004470.54,26911.24,0.0,2384.24,1,0,Shanghai,9.0,1503.14,00.0
842,1807,杭州市农业技术推广基金会,4,0,0,1.0,2003-08-05,3.0,4,0.0,0.0,399.1,1797.3,1,0,Zhejiang,12.0,0.0,00
843,887,台州市老年事业发展基金会,3,0,0,1.0,2011-07-10,23.0,3,0.0,0.0,10.0,1417.68,1,0,Zhejiang,4.0,0.0,00
845,2965,贵州省同心光彩事业基金会,2,0,1,1.0,2011-08-08,8.0,3,1493808.18,7000.49,0.0,587.33,1,0,Guizhou,4.0,150.08,01
848,3031,辽宁省辽宁石油化工大学教育发展基金会,3,0,0,0.0,2011-07-15,11.0,3,0.0,495185.33,0.0,518.21,1,0,Liaoning,4.0,49.52,00
849,2972,贵州省春晖行动发展基金会,10,0,0,1.0,2009-03-18,14.0,4,6031289.9,0.0,0.0,1081.33,1,0,Guizhou,6.0,603.13,00
851,959,哈尔滨市老年基金会,4,3,0,1.0,2011-03-31,7.0,3,0.0,889720.0,0.0,973.69,1,0,Heilongjiang,4.0,88.97,30
853,230,中国妇女发展基金会,61,0,0,1.0,1988-12-25,18.0,5,428729527.65,18549007.5,30000.0,55716.99,1,1,Beijing,27.0,44727.85,00
855,210,中国公安民警英烈基金会,6,1,1,1.0,2003-01-07,12.0,3,22166017.4,1800000.0,0.0,23033.56,1,1,Beijing,12.0,2396.6,11
859,3405,重庆儿童救助基金会,11,0,0,1.0,2005-11-05,11.0,3,0.0,9226821.8,0.0,4418.56,1,0,Chongqing,10.0,922.68,00
870,1824,浙江省陈伯滔体育基金会,1,0,0,0.0,1995-06-12,6.0,4,0.0,628382.0,20.0,239.52,1,0,Zhejiang,20.0,62.84,00
872,2700,甘肃省天水市伏羲赡老助学基金会,0,0,0,0.0,2010-01-14,5.0,3,0.0,0.0,0.0,451.94,0,0,Gansu,5.0,0.0,00
873,2697,甘肃省兰州市城关区教育发展基金会,0,3,0,1.0,2011-06-16,17.0,3,0.0,5800000.0,0.0,2194.85,1,0,Gansu,4.0,580.0,30
877,437,内蒙古清格尔泰蒙古语言文化基金会,3,0,0,0.0,2008-10-08,7.0,4,0.0,0.0,9.0,249.52,1,0,Neimenggu,7.0,0.0,00
887,3186,陕西省唐大明宫遗址文物保护基金会,0,0,0,1.0,2008-11-27,8.0,3,0.0,50000.0,0.0,911.06,1,0,Shaanxi,7.0,5.0,00
890,1798,李可染艺术基金会,4,0,0,0.0,1998-03-24,19.0,2,0.0,3959968.0,0.0,2209.31,0,1,Beijing,17.0,396.0,00
892,3332,黑龙江省见义勇为奖励基金会,5,4,1,1.0,1994-01-03,9.0,3,0.0,0.0,72.0,580.13,1,0,Heilongjiang,21.0,0.0,41
893,2745,神华公益基金会,8,0,0,0.0,2010-07-01,18.0,5,40067000.0,403800000.0,120.0,77713.22,0,1,Beijing,5.0,44386.7,00
904,181,中华同心温暖工程基金会,7,3,1,1.0,2011-10-25,13.0,3,27676614.0,4003000.0,0.0,5230.46,1,1,Beijing,4.0,3167.96,31
907,3111,金华职业技术学院教育发展基金会,2,0,0,0.0,2009-01-05,16.0,4,170170.0,1286300.0,136.0,8375.96,1,0,Zhejiang,6.0,145.65,00
909,2280,浙江省康恩贝慈善救助基金会,2,0,0,0.0,2007-12-28,6.0,5,0.0,15418556.0,0.0,1441.08,0,0,Zhejiang,8.0,1541.86,00
911,1098,天津市联合助学基金会,2,0,0,1.0,2005-07-07,11.0,4,1201795.5,0.0,0.0,426.73,0,0,Tianjin,10.0,120.18,00
915,1642,广西青少年发展基金会,11,1,0,1.0,1994-05-25,14.0,5,22774227.56,0.0,0.0,4895.99,1,0,Guangxi,21.0,2277.42,10
917,2250,浙江省三立慈善基金会,0,0,0,0.0,2012-12-11,5.0,4,0.0,10684600.0,0.0,402.7,0,0,Zhejiang,3.0,1068.46,00
919,1046,大连市妇女儿童发展基金会,4,0,0,1.0,2011-09-09,13.0,4,1555498.8,32500.31,0.0,765.82,1,0,Liaoning,4.0,158.8,00
921,1084,天津市景华公益基金会,9,0,0,0.0,2010-05-27,13.0,3,0.0,548400.0,0.0,126.89,0,0,Beijing,5.0,54.84,00
924,3358,宁夏回族自治区医学科研教育基金会,0,0,0,1.0,2002-10-10,6.0,3,0.0,0.0,0.0,449.75,1,0,Ningxia,13.0,0.0,00
927,3457,重庆市教育发展基金会,7,0,1,1.0,2009-11-16,17.0,5,60629857.86,2581300.0,300.0,7430.78,1,0,Chongqing,6.0,6321.12,01
928,264,中国红十字基金会,56,0,0,1.0,1994-03-15,22.0,5,0.0,261664675.0,20000.0,55737.92,1,1,Beijing,21.0,26166.47,00
930,270,中国肝炎防治基金会,12,1,1,1.0,1998-08-22,17.0,3,34573380.55,2315011.18,0.0,7033.75,1,1,Beijing,17.0,3688.84,11
931,2041,河北慈善联合基金会,14,0,1,1.0,2012-08-29,9.0,3,5629071.02,7218880.38,0.0,586.85,1,0,Hebei,3.0,1284.8,01
932,1061,天津大学北洋教育发展基金会,13,0,0,0.0,1995-08-16,21.0,5,67274243.24,0.0,13.5,24795.45,1,0,Tianjin,20.0,6727.42,00
933,3162,陕西中实弘扬法治教育基金会,1,2,0,0.0,2012-04-01,7.0,3,0.0,300000.0,0.0,347.78,0,0,Shaanxi,3.0,30.0,20
937,98,上海市黄浦区教育基金会,0.0,0,0.0,1.0,1992年05月28日,15.0,3,506000.0,0.0,0.0,7480.6,1,0,Shanghai,23.0,50.6,00.0
941,2768,福建师范大学附属中学正祥教育基金会,1,1,0,0.0,2013-01-14,5.0,3,0.0,1280000.0,0.0,1055.65,1,0,Fujian,2.0,128.0,10
944,1623,广西和正慈善基金会,7,0,0,0.0,2009-08-28,8.0,4,0.0,76000.0,0.15,201.39,0,0,Guangxi,6.0,7.6,00
946,953,哈尔滨工程大学教育发展基金会,3,0,0,0.0,2008-05-15,17.0,5,10214515.68,150200.0,16.0,5141.99,1,0,Heilongjiang,7.0,1036.47,00
950,3006,辽宁省兴隆大家庭大病救助基金会,0,0,0,0.0,2009-12-15,5.0,3,0.0,750000.0,0.0,217.49,0,0,Liaoning,6.0,75.0,00
959,1775,晋江市侨声中学教育发展基金会,4,0,0,0.0,2008-07-29,10.0,3,0.0,18742900.01,0.0,1985.48,1,0,Fujian,7.0,1874.29,00
960,231,中国孔子基金会,35,0,0,1.0,1984-09-20,17.0,3,2085959.81,32000.0,0.0,10533.05,1,1,Shandong,31.0,211.8,00
961,2210,浙江千训爱心慈善基金会,6,0,0,0.0,2011-12-06,9.0,5,100000.0,20333302.07,0.0,1498.52,0,0,Zhejiang,4.0,2043.33,00
964,2248,浙江滴水慈善基金会,2,0,0,0.0,2011-04-21,9.0,4,0.0,7824571.61,11.0,1350.92,0,0,Zhejiang,4.0,782.46,00
967,211,中国关心下一代健康体育基金会,9,0,0,1.0,2003-10-10,11.0,1,8568938.0,0.0,0.0,1278.54,1,1,Beijing,12.0,856.89,00
969,2936,西北农林科技大学教育发展基金会,8,0,0,0.0,2011-06-10,20.0,3,15911801.01,0.0,0.0,3892.2,1,1,Shaanxi,4.0,1591.18,00
970,1109,天津桃李源文化基金会,2,0,1,0.0,2010-01-28,6.0,3,0.0,100000.0,0.0,430.91,1,0,Tianjin,5.0,10.0,01
972,942,吴作人国际美术基金会,5,0,0,0.0,1989-08-30,9.0,1,5930000.0,3500000.0,0.0,1737.25,0,1,Beijing,26.0,943.0,00
975,276,中国青年创业就业基金会,15,0,0,1.0,2006-10-08,21.0,4,80896036.38,0.0,0.0,22845.02,1,1,Beijing,9.0,8089.6,00
979,2054,河北省志愿服务基金会,4,0,0,1.0,2012-11-28,25.0,4,5175894.34,1334628.23,0.0,744.91,1,0,Hebei,3.0,651.05,00
984,198,中国交响乐发展基金会,6,0,0,1.0,1994-07-05,18.0,3,0.0,5730868.0,0.0,838.44,1,1,Beijing,21.0,573.09,00
988,1111,天诺慈善基金会,11,0,0,0.0,2008-01-28,5.0,3,0.0,7200000.0,0.0,614.13,0,1,Beijing,7.0,720.0,00
991,203,中国企业管理科学基金会,6,0,0,1.0,1987-03-20,16.0,3,0.0,2000000.0,0.0,2652.51,1,1,Beijing,28.0,200.0,00
995,1330,山西省姚奠中国学教育基金会,0,0,0,0.0,2010-01-25,12.0,3,0.0,700000.0,0.0,1701.67,0,0,Shanxi,5.0,70.0,00
996,240,中国敦煌石窟保护研究基金会,5,0,0,1.0,1995-03-01,19.0,2,3490.49,9924822.73,0.0,3341.74,1,1,Gansu,20.0,992.83,00
997,3310,黑龙江恢先地震工程学基金会,1,0,1,1.0,2002-07-16,25.0,4,0.0,0.0,0.0,712.49,1,0,Heilongjiang,13.0,0.0,01
1001,3433,重庆浙商爱心基金会,3,0,0,1.0,2007-12-10,17.0,3,0.0,2289284.45,0.0,494.09,1,0,Chongqing,8.0,228.93,00
1003,3321,黑龙江省哈尔滨工业大学附属中学校教育发展基金会,4,0,0,0.0,2011-12-11,5.0,4,0.0,12050000.0,0.0,693.17,1,0,Heilongjiang,4.0,1205.0,00
1004,3453,重庆市青年创新创业基金会,7,0,0,1.0,2009-12-07,8.0,5,14103000.0,1964942.97,880.0,2106.14,1,0,Chongqing,6.0,1606.79,00
1007,186,中华文学基金会,23,0,1,1.0,1986-06-14,19.0,1,10500000.0,0.0,0.0,2870.7,1,1,Beijing,29.0,1050.0,01
1010,352,云南省青年创业就业基金会,7,0,0,1.0,2009-12-09,9.0,3,1365804.0,0.0,0.0,819.26,1,0,Yunnan,6.0,136.58,00
1012,1339,山西省文化发展基金会,11,0,0,1.0,2010-12-09,15.0,4,10080000.0,1020000.0,0.0,1470.53,1,0,Shanxi,5.0,1110.0,00
1013,339,云南省杨善洲绿化基金会,6,0,0,1.0,2011-05-26,21.0,5,1901145.3,1322800.0,35.0,938.66,1,0,Yunnan,4.0,322.39,00
1020,1110,天津理工大学教育发展基金会,0,0,0,0.0,2008-02-25,15.0,3,0.0,1038062.0,0.0,620.07,1,0,Tianjin,7.0,103.81,00
1028,70,上海市安济医疗救助基金会,2.0,0,0.0,0.0,2006年03月29日,8.0,4,0.0,4951590.59,0.0,2484.64,1,0,Shanghai,9.0,495.16,00.0
1029,1717,招商局慈善基金会,7,0,0,0.0,2009-06-15,18.0,4,6320000.0,48830000.0,9.66,6265.78,0,1,Guangdong,6.0,5515.0,00
1033,1800,杭州市上城区教育发展基金会,0,0,0,1.0,2005-09-19,21.0,4,2250000.0,14651105.2,0.0,6340.6,1,0,Zhejiang,10.0,1690.11,00
1034,827,南安市芙蓉基金会,13,1,0,0.0,1991-12-31,17.0,5,0.0,5778825.13,0.0,6528.6,0,0,Fujian,24.0,577.88,10
1037,3101,重庆西南大学教育基金会,7,0,0,0.0,2011-08-18,13.0,5,0.0,34513225.28,1.3,7546.38,1,0,Chongqing,4.0,3451.32,00
1038,1184,宁波市镇海区老年福利基金会,1,0,0,1.0,1988-11-30,16.0,4,0.0,850000.0,65.0,1602.95,1,0,Zhejiang,27.0,85.0,00
1041,1254,宝钢教育基金会,5,0,0,0.0,2005-12-20,25.0,4,29000000.0,0.0,0.0,8119.44,0,1,Shanghai,10.0,2900.0,00
1042,3679,辽宁省昌图县教育基金会,1,0,0,1.0,2014-02-14,25.0,1,2218429.4,311520.0,0.0,525.04,1,0,Liaoning,1.0,252.99,00
1048,859,厦门中山医院基金会,5,0,0,0.0,1993-02-06,18.0,3,2296988.0,0.0,0.0,1737.26,1,0,Fujian,22.0,229.7,00
1049,3033,辽宁省青少年发展基金会,7,0,0,1.0,1997-07-07,15.0,5,10996380.2,0.0,115.76,1829.81,1,0,Liaoning,18.0,1099.64,00
1050,3304,黄帝陵基金会,0,1,1,1.0,1992-10-01,25.0,4,0.0,2161670.06,0.0,3747.21,1,0,Shaanxi,23.0,216.17,11
1052,32,上海同济大学教育发展基金会,8.0,0,0.0,0.0,2006年03月26日,19.0,3,142685736.03,-12014829.07,0.0,32928.04,1,0,Shanghai,9.0,13067.09,00.0
1063,961,哈尔滨市道里区慈善基金会,3,0,0,1.0,2000-12-21,5.0,3,0.0,50150.0,0.0,25716.08,1,0,Heilongjiang,15.0,5.01,00
1064,3171,陕西宏府慈善基金会,8,0,0,0.0,2009-06-09,11.0,3,0.0,1300000.0,0.0,397.08,0,0,Shaanxi,6.0,130.0,00
1065,3195,陕西省易信慈善基金会,1,0,0,0.0,2009-10-01,2.0,3,0.0,100.0,0.0,193.67,0,0,Shaanxi,6.0,0.01,00
1066,1085,天津市杨兆兰慈善基金会,0,0,0,0.0,2012-03-06,15.0,3,0.0,861370.0,0.0,224.08,0,0,Tianjin,3.0,86.14,00
1069,1187,宁波鄞州银行公益基金会,8,0,0,0.0,2011-09-02,10.0,4,9530214.1,160870.37,0.0,11418.22,0,0,Zhejiang,4.0,969.11,00
1071,868,厦门市红十字基金会,12,1,0,1.0,1994-04-08,21.0,5,15136075.87,5153090.39,0.0,6626.68,1,0,Fujian,21.0,2028.92,10
1073,2284,浙江省惠民慈善基金会,1,0,0,0.0,2012-09-04,5.0,3,0.0,1500000.0,0.0,306.75,1,0,Zhejiang,3.0,150.0,00
1074,50,上海宋庆龄基金会,13.0,0,0.0,1.0,1993年12月08日,13.0,5,42663868.94,1260861.44,0.0,61575.73,1,0,Shanghai,22.0,4392.47,00.0
1075,752,华民慈善基金会,11,0,0,0.0,2008-03-11,8.0,4,0.0,11200000.0,100.0,2074.03,0,1,Beijing,7.0,1120.0,00
1076,1656,张学良教育基金会,4,0,0,0.0,2006-03-16,17.0,2,7200078.72,7025938.66,0.0,5089.57,1,1,Liaoning,9.0,1422.6,00
1079,2690,甘肃妇女儿童发展基金会,2,3,1,1.0,2006-08-15,10.0,3,0.0,22647165.37,0.0,0.0,1,0,Gansu,9.0,2264.72,31
1081,1096,天津市翔宇教育基金会,3,0,0,0.0,2012-04-10,5.0,4,0.0,7899500.0,0.0,2218.25,0,0,Tianjin,3.0,789.95,00
1083,1103,天津市青年创业就业基金会,3,0,0,1.0,2009-07-01,14.0,5,1200000.0,2956000.0,345.52,1075.28,1,0,Tianjin,6.0,415.6,00
1084,2824,福建省龙岩市李新炎慈善基金会,5,0,0,0.0,2007-06-26,13.0,5,0.0,1018000.0,0.0,14801.85,0,0,Fujian,8.0,101.8,00
1088,745,宁夏回族自治区北方民族大学教育发展基金会,1,0,0,0.0,2012-09-06,20.0,3,0.0,6206000.0,0.0,809.52,1,0,Ningxia,3.0,620.6,00
1093,1627,广西妇女儿童发展基金会,4,4,0,1.0,1982-04-30,21.0,3,0.0,22720724.5,0.0,2558.36,1,0,Guangxi,33.0,2272.07,40
1101,1688,慈溪市老龄事业发展基金会,3,3,0,1.0,2011-12-09,17.0,4,0.0,1000000.0,72.0,1642.02,1,0,Zhejiang,4.0,100.0,30
1108,2759,福建卢嘉锡科学教育基金会,0,0,0,0.0,2006-07-27,8.0,3,0.0,91650.0,0.0,546.78,0,0,Fujian,9.0,9.16,00
1109,3444,重庆市红十字基金会,11,0,0,1.0,2008-04-21,15.0,5,67068864.2,1166249.12,0.0,3747.68,1,0,Chongqing,7.0,6823.51,00
1117,2815,福建省见义勇为基金会,9,0,0,1.0,1994-09-13,21.0,5,268364.3,3152993.73,300.18,4258.17,1,0,Fujian,21.0,342.14,00
1118,262,中国科技馆发展基金会,6,0,0,1.0,2010-11-23,8.0,2,1000000.0,1200000.0,0.0,2696.42,1,1,Beijing,5.0,220.0,00
1137,3157,阿拉善生态基金会,2,0,0,0.0,2011-02-11,25.0,4,0.0,2892611.06,0.0,4078.46,0,0,Neimenggu,4.0,289.26,00
1147,1314,山西省人民教育基金会,4,0,0,1.0,2005-12-16,9.0,4,0.0,3500000.0,0.0,3469.07,1,0,Shanxi,10.0,350.0,00
1148,225,中国和平发展基金会,23,0,0,0.0,2011-01-14,14.0,3,0.0,0.0,0.0,32235.2,1,1,Beijing,4.0,0.0,00
1159,3017,辽宁省残疾人福利基金会,4,0,0,1.0,1985-04-29,14.0,3,4748985.54,19779632.23,0.0,2026.2,1,0,Liaoning,30.0,2452.86,00
1160,2233,浙江慈溪兴业夕阳红基金会,3,0,0,0.0,2005-11-28,5.0,4,0.0,292105.26,0.0,1078.18,0,0,Zhejiang,10.0,29.21,00
1170,193,中南大学教育基金会,7,0,1,0.0,2011-03-04,25.0,4,28600974.0,3040200.0,0.0,29938.84,1,1,Hunan,4.0,3164.12,01
1178,950,哈尔滨医科大学发展基金会,5,0,0,0.0,2010-08-11,24.0,4,0.0,23103000.0,0.0,4981.73,1,0,Heilongjiang,5.0,2310.3,00
1180,2473,清华大学教育基金会,39,0,0,0.0,1994-01-25,25.0,5,1336558687.47,252760061.26,0.0,631833.41,1,1,Beijing,21.0,158931.87,00
1181,197,中国下一代教育基金会,16,0,1,1.0,2010-07-09,15.0,4,72411131.99,1783331.58,0.0,12347.84,1,1,Beijing,5.0,7419.45,01
1182,3426,重庆市丰都教育奖励扶助基金会,4,0,0,1.0,2007-09-07,24.0,4,1489300.0,1621980.0,0.0,963.42,1,0,Chongqing,8.0,311.13,00
1184,945,吴阶平医学基金会,10,0,0,0.0,2002-01-01,19.0,3,71027905.09,0.0,0.0,8346.98,1,1,Beijing,13.0,7102.79,00
1185,1048,大连市残疾人福利基金会,4,0,0,1.0,2006-06-20,6.0,4,5302979.1,116732.3,0.0,554.27,1,0,Liaoning,9.0,541.97,00
1189,2053,河北省德仁慈善基金会,0,0,0,0.0,2012-05-31,9.0,4,0.0,500000.0,0.0,211.12,0,0,Hebei,3.0,50.0,00
1192,3040,辽阳辽化教育奖励基金会,2,0,0,1.0,1990-01-01,5.0,3,0.0,0.0,0.0,404.66,1,0,Liaoning,25.0,0.0,00
1193,1634,广西残疾人福利基金会,3,0,0,1.0,1986-09-01,21.0,5,2327500.0,2233015.6,22.0,953.7,1,0,Guangxi,29.0,456.05,00
1196,1632,广西李宁基金会,7,0,0,0.0,2006-09-08,9.0,4,0.0,1150000.0,0.0,110.81,0,0,Guangxi,9.0,115.0,00
1198,3079,鄂托克旗教育基金会,2,0,0,0.0,2009-11-25,5.0,3,0.0,2110000.0,0.0,1037.53,1,0,Neimenggu,6.0,211.0,00
1200,1070,天津市南开中学教育基金会,2,0,0,0.0,2010-07-27,15.0,4,0.0,41260.0,0.0,7069.19,1,0,Tianjin,5.0,4.13,00
1202,3138,长春建筑学院教育基金会,2,0,0,0.0,2010-06-30,21.0,3,0.0,1520000.0,0.0,1071.38,1,0,Jilin,5.0,152.0,00
1205,60,上海市儿童基金会,0.0,0,1.0,1.0,1992年10月28日,23.0,5,0.0,0.0,0.0,4909.8,1,0,Shanghai,23.0,0.0,01.0
1207,2269,浙江省大爱慈善基金会,3,0,0,0.0,2013-12-01,1.0,5,0.0,4523412.66,0.0,250.27,1,0,Zhejiang,2.0,452.34,00
1213,354,云南聂耳音乐基金会,0,0,0,1.0,2005-05-25,17.0,3,0.0,0.0,5.0,464.51,1,0,Yunnan,10.0,0.0,00
1214,2826,福建省龙岩扶贫基金会,4,0,0,1.0,1991-08-12,12.0,3,0.0,0.0,0.0,850.8,1,0,Fujian,24.0,0.0,00
1215,3399,重庆市扶贫基金会,4,0,0,1.0,1994-09-10,19.0,4,112378430.5,0.0,178.3,9763.94,1,0,Chongqing,21.0,11237.84,00
1216,43,上海复旦大学教育发展基金会,10.0,0,0.0,0.0,2004年06月01日,16.0,5,246182174.34,5089732.81,0.0,59706.42,1,0,Shanghai,11.0,25127.19,00.0
1218,3454,重庆市青少年发展基金会,5,0,0,1.0,2009-07-20,22.0,4,17168765.79,6850.0,50.0,2278.23,1,0,Chongqing,6.0,1717.56,00
1224,3224,陕西荣禾老年基金会,0,0,0,0.0,2010-09-19,5.0,3,0.0,1000000.0,0.0,299.37,0,0,Shaanxi,5.0,100.0,00
1227,75,上海市慈善基金会,67.0,0,0.0,1.0,1994年05月06日,22.0,5,574870715.38,146611693.21,2714.4,267396.1,1,0,Shanghai,21.0,72148.24,00.0
1228,2481,温州市人民教育基金会,3,0,0,1.0,1989-01-08,16.0,4,11824938.28,14300975.69,0.0,8725.46,1,0,Zhejiang,26.0,2612.59,00
1229,1106,天津市鹤童老年公益基金会,1,0,0,0.0,2007-03-05,5.0,4,1198599.55,75006.0,0.0,454.54,0,0,Tianjin,8.0,127.36,00
1230,3214,陕西省西部发展基金会,3,0,0,1.0,2004-12-22,7.0,3,90910.0,337466.0,0.0,429.0,1,0,Shaanxi,11.0,42.84,00
1236,221,中国友好和平发展基金会,13,0,0,1.0,1996-05-15,5.0,4,84439610.52,2250950.92,100.0,20005.58,1,1,Beijing,19.0,8669.06,00
1238,2838,秦皇岛市志愿服务基金会,5,0,0,0.0,2011-07-08,14.0,5,0.0,1455595.7,0.0,553.88,1,0,Hebei,4.0,145.56,00
1241,3010,辽宁省大连海事大学博联助学基金会,0,0,0,0.0,2008-01-08,8.0,3,463000.0,2594.5,0.0,802.19,1,0,Liaoning,7.0,46.56,00
1244,3118,铁岭市公安民警救助基金会,3,0,0,1.0,2009-12-15,3.0,2,0.0,1376500.0,0.0,696.65,1,0,Liaoning,6.0,137.65,00
1246,125,上海浦东新区社会发展基金会,0.0,0,0.0,1.0,1994年04月01日,9.0,4,12008485.17,4351003.5,0.0,10061.02,1,0,Shanghai,21.0,1635.95,00.0
1248,214,中国初级卫生保健基金会,10,0,1,1.0,1996-12-30,21.0,4,1144130784.17,9983424.58,0.0,29925.38,1,1,Beijing,19.0,115411.42,01
1250,2048,河北省公安民警英烈基金会,6,2,0,1.0,2009-01-19,19.0,3,0.0,2263052.0,0.0,1138.34,1,0,Hebei,6.0,226.31,20
1259,2859,老牛基金会,29,0,0,0.0,2007-12-04,10.0,5,0.0,0.0,0.0,159581.09,0,0,Neimenggu,8.0,0.0,00
1261,2937,西北工业大学教育基金会,13,0,0,0.0,2007-05-18,7.0,1,12419025.99,6860863.0,0.0,31825.44,1,0,Shaanxi,8.0,1927.99,00
1262,1076,天津市宁鸿涛助学基金会,0,0,0,0.0,2007-09-08,5.0,3,0.0,0.0,0.0,198.89,1,0,Tianjin,8.0,0.0,00
1263,937,宁夏回族自治区同心县同德公益慈善基金会,0,0,0,0.0,2012-08-31,7.0,3,0.0,25000.0,5.0,205.93,1,0,Ningxia,3.0,2.5,00
1265,94,上海市青少年发展基金会,1.0,0,0.0,1.0,1992年08月10日,19.0,5,13985042.15,5500.0,0.0,14527.81,1,0,Shanghai,23.0,1399.05,00.0
1272,1752,新疆维吾尔自治区资助教育基金会,2,0,0,1.0,2011-06-17,5.0,4,3256425.55,0.0,0.0,460.09,1,0,Xinjiang,4.0,325.64,00
1275,239,中国教育发展基金会,11,0,1,1.0,2003-12-16,18.0,5,237638908.19,381535.48,199400.0,54606.78,1,1,Beijing,12.0,23802.04,01
1278,1097,天津市老年基金会,5,0,0,1.0,1992-07-01,6.0,3,0.0,563500.0,0.0,1720.15,1,0,Tianjin,23.0,56.35,00
1281,3016,辽宁省教育基金会,4,0,0,1.0,1988-09-10,11.0,5,7123309.88,0.0,0.0,2324.55,1,0,Liaoning,27.0,712.33,00
1282,284,中远海运慈善基金会,6,0,0,0.0,2005-12-20,17.0,3,20822822.9,205000.0,0.0,44063.53,0,1,Beijing,10.0,2102.78,00
1283,2997,辽宁光达优抚爱心基金会,2,0,0,0.0,2009-07-30,5.0,3,0.0,0.0,0.0,261.18,0,0,Liaoning,6.0,0.0,00
1284,389,保定军校基金会,8,0,0,0.0,2005-04-14,9.0,4,0.0,45199.37,0.0,411.49,1,0,Hebei,10.0,4.52,00
1285,1337,山西省振兴京剧基金会,1,0,0,0.0,2008-12-08,8.0,3,0.0,0.0,0.0,719.37,1,0,Shanxi,7.0,0.0,00
1287,2800,福建省残疾人福利基金会,8,0,0,1.0,2006-07-21,19.0,5,9366600.0,12839771.46,119.0,2843.79,1,0,Fujian,9.0,2220.64,00
1288,3173,陕西师范大学教育基金会,4,0,0,0.0,2011-02-18,16.0,4,0.0,19742962.89,0.0,3931.08,1,0,Shaanxi,4.0,1974.3,00
1289,1619,广西协力扶助基金会,1,0,1,0.0,2006-12-22,19.0,5,0.0,9530018.42,0.0,837.03,1,0,Guangxi,9.0,953.0,01
1290,1372,巴彦淖尔市人民教育基金会,3,0,0,1.0,1995-05-01,6.0,3,0.0,145200.0,0.0,1207.85,1,0,Neimenggu,20.0,14.52,00
1292,2952,詹天佑科学技术发展基金会,7,0,1,0.0,2005-12-17,23.0,3,0.0,1305339.81,0.0,3486.4,1,1,Beijing,10.0,130.53,01
1295,2978,贵州省贵阳市生态文明基金会,4,1,1,1.0,2007-11-14,23.0,4,30070840.0,0.0,0.0,7265.5,1,0,Guizhou,8.0,3007.08,11
1296,3085,重庆市万州区教育基金会,3,0,0,0.0,2011-09-02,14.0,3,3715000.0,197255.76,0.0,1416.61,1,0,Chongqing,4.0,391.23,00
1297,1095,天津市网球发展基金会,2,0,0,1.0,1999-12-22,5.0,3,0.0,0.0,0.0,1382.34,1,0,Tianjin,16.0,0.0,00
1299,2285,浙江省扶贫基金会,1,0,1,1.0,1992-06-01,12.0,4,0.0,5579380.0,0.0,2400.04,1,0,Zhejiang,23.0,557.94,01
1302,2795,福建省扶贫基金会,8,0,1,1.0,1993-04-27,24.0,5,3441000.0,9014738.0,1197.0,2744.14,1,0,Fujian,22.0,1245.57,01
1307,2312,浙江省青年创业就业基金会,1,1,0,1.0,2009-12-28,21.0,5,2212460.98,0.0,10.0,1469.8,1,0,Zhejiang,6.0,221.25,10
1317,2032,沈阳市教育基金会,9,0,0,1.0,2005-03-23,14.0,5,4200000.0,22393182.15,0.0,3283.29,1,0,Liaoning,10.0,2659.32,00
1319,3497,铁岭市教育基金会,4,0,0,1.0,2007-08-31,17.0,3,2985000.0,0.0,0.0,502.81,1,0,Jiangsu,8.0,298.5,00
1323,241,中国文学艺术基金会,23,0,2,1.0,1994-02-18,24.0,5,34920565.0,34312458.18,13970.95,22219.63,1,1,Beijing,21.0,6923.3,02
1324,90,上海市长宁区教育基金会,0.0,0,0.0,1.0,1992年05月28日,25.0,3,0.0,3512942.4,0.0,3462.49,1,0,Shanghai,23.0,351.29,00.0
1326,1639,广西老年基金会,5,0,1,1.0,1990-05-25,20.0,5,0.0,57184.97,80.0,807.16,1,0,Guangxi,25.0,5.72,01
1329,2240,浙江毓芳慈善基金会,3,0,0,0.0,2010-07-16,6.0,4,0.0,1536804.0,0.0,309.72,0,0,Zhejiang,5.0,153.68,00
1330,319,云南士恒教育基金会,2,0,0,0.0,2009-11-09,6.0,3,0.0,1130000.0,0.0,210.71,0,0,Yunnan,6.0,113.0,00
1335,136,上海真爱梦想公益基金会,56.0,0,0.0,1.0,2008年08月14日,7.0,5,88578110.65,2174288.96,0.0,15513.08,0,0,Shanghai,7.0,9075.24,00.0
1336,3104,重庆金平法学教育基金会,1,0,0,0.0,2010-08-20,13.0,2,0.0,2634300.0,0.0,791.44,1,0,Chongqing,5.0,263.43,00
1340,219,中国华文教育基金会,11,0,1,1.0,2004-09-30,21.0,4,6000000.0,93809734.87,0.0,10980.05,1,1,Beijing,11.0,9980.97,01
1341,1733,新奥公益慈善基金会,5,0,0,0.0,2005-12-25,12.0,5,6386760.0,33171200.0,0.0,3449.85,0,0,Hebei,10.0,3955.8,00
1342,224,中国听力医学发展基金会,10,0,0,1.0,1995-04-06,13.0,2,16366496.26,642612.6,0.0,2009.37,1,1,Beijing,20.0,1700.91,00
1349,2272,浙江省宁海县人民教育基金会,4,0,0,1.0,1989-05-03,24.0,5,37493902.16,367483.37,26.5,4421.39,1,0,Zhejiang,26.0,3786.14,00
1350,826,南安市石井创新社会管理公益基金会,4,0,0,0.0,2012-05-28,20.0,3,0.0,1090000.0,0.0,315.59,1,0,Fujian,3.0,109.0,00
1352,980,四川大学教育基金会,13,0,0,0.0,2010-03-22,15.0,4,81905465.38,0.0,100.0,19445.51,1,1,Sichuan,5.0,8190.55,00
1353,337,云南省扶贫基金会,7,0,3,1.0,1992-11-01,5.0,3,8201000.07,0.0,0.0,2932.15,1,0,Yunnan,23.0,820.1,03
1354,1357,山西省通力达司法救济基金会,0,0,0,0.0,2012-12-06,7.0,3,0.0,183000.0,0.0,226.28,0,0,Shanxi,3.0,18.3,00
1355,2704,甘肃省残疾人福利基金会,15,0,0,1.0,2007-11-29,19.0,5,31395338.78,5325000.0,167.06,990.04,1,0,Gansu,8.0,3672.03,00
1356,2981,贵州省遵义市见义勇为基金会,1,1,0,1.0,2011-09-08,25.0,3,0.0,0.0,0.0,720.48,1,0,Jiangsu,4.0,0.0,10
1359,295,乌兰夫基金会,3,0,1,1.0,1991-08-21,7.0,5,0.0,0.0,0.0,20151.25,1,0,Neimenggu,24.0,0.0,01
1361,3400,重庆孤残儿童援助基金会,1,0,0,1.0,2005-08-24,5.0,4,300000.0,496597.0,0.0,890.96,1,0,Chongqing,10.0,79.66,00
1362,2042,河北慈氏基金会,3,0,0,0.0,2010-12-16,6.0,4,0.0,547915.43,0.0,318.51,0,0,Hebei,5.0,54.79,00
1365,3096,重庆市老年事业发展基金会,7,0,1,1.0,2010-08-05,20.0,3,6672479.08,161000.0,200.0,712.12,1,0,Chongqing,5.0,683.35,01
1366,3364,宁夏回族自治区妇女儿童发展基金会,0,3,0,1.0,1996-08-06,19.0,5,10725370.0,0.0,0.0,2149.63,1,0,Ningxia,19.0,1072.54,30
1369,446,内蒙古自治区扶贫基金会,5,0,1,1.0,1997-07-01,16.0,3,0.0,5533600.0,0.0,767.78,1,0,Neimenggu,18.0,553.36,01
1370,69,上海市奉贤建设工程科学技术发展基金会,0.0,0,0.0,0.0,2005年04月18日,18.0,3,0.0,45000.0,0.0,2435.46,1,0,Shanghai,10.0,4.5,00.0
1372,751,华侨茶业发展研究基金会,3,0,0,0.0,1981-09-08,20.0,3,0.0,690000.0,0.0,2412.53,1,1,Beijing,34.0,69.0,00
1374,2059,河北省新联合公益基金会,5,0,0,0.0,2011-11-14,5.0,4,320000.3,258838.84,50.0,317.73,0,0,Hebei,4.0,57.88,00
1376,335,云南省妇女儿童发展基金会,6,1,0,1.0,1982-07-22,23.0,4,8187907.0,0.0,0.0,2251.31,1,0,Yunnan,33.0,818.79,10
1377,275,中国青少年发展基金会,96,0,0,1.0,1989-03-09,15.0,5,428344137.17,20540228.82,0.0,122319.17,1,1,Beijing,26.0,44888.44,00
1380,217,中国华侨公益基金会,15,0,1,1.0,1988-06-25,25.0,4,188375940.84,989883.34,0.0,23005.94,1,1,Beijing,27.0,18936.58,01
1381,327,云南民族文化发展基金会,7,3,0,1.0,1995-03-01,13.0,4,288830.55,401346.29,0.0,765.21,1,0,Yunnan,20.0,69.02,30
1383,2319,浙江绿色共享教育基金会,3,0,0,0.0,2006-10-08,12.0,5,0.0,4376811.94,0.0,439.77,0,0,Zhejiang,9.0,437.68,00
1390,3094,重庆市科技事业发展基金会,2,0,0,0.0,2011-12-27,11.0,2,0.0,4000.0,20.0,285.73,1,0,Chongqing,4.0,0.4,00
1393,208,中国光华科技基金会,69,0,0,1.0,1993-06-09,10.0,5,711333497.46,0.0,0.0,69762.53,1,1,Beijing,22.0,71133.35,00
1396,1093,天津市第二中学教育发展基金会,0,0,0,0.0,2008-02-25,7.0,3,0.0,0.0,0.0,476.56,1,0,Tianjin,7.0,0.0,00
1401,57,上海市体育发展基金会,8.0,0,0.0,1.0,1992年07月21日,13.0,4,0.0,30773260.42,68.05,42482.12,1,0,Shanghai,23.0,3077.33,00.0
1404,2970,贵州省扶贫基金会,5,0,0,1.0,1996-08-23,8.0,3,1003189396.46,42989.39,0.0,1367.42,1,0,Guizhou,19.0,100323.24,00
1406,2756,福建农林大学教育发展基金会,2,0,0,0.0,2006-07-01,7.0,3,0.0,12827359.28,0.0,1790.42,1,0,Fujian,9.0,1282.74,00
1407,187,中华环境保护基金会,26,0,1,1.0,1993-03-03,18.0,5,78212648.29,283980.36,0.0,16410.88,1,1,Beijing,22.0,7849.66,01
1410,882,友成企业家扶贫基金会,26,0,0,0.0,2007-03-01,17.0,4,28678343.55,965560.96,0.0,16841.68,0,1,Beijing,8.0,2964.39,00
