,ricf_oid,ba_ntr,doi_1,ba_fdt_o,ba_fnd_r
0,2288,1,379538.0,6.0,2000000.0
1,2256,1,6019570.2,16.0,2200000.0
2,1059,1,9200.0,4.0,2000000.0
3,379,1,16793400.0,10.0,20000000.0
4,972,1,709826.9,4.0,4000000.0
5,1099,1,0.0,27.0,2000000.0
6,4496,1,2000000.0,2.0,5000000.0
7,3001,0,0.0,28.0,4000000.0
8,5741,1,65331.7,1.0,2000000.0
9,5565,1,0.0,1.0,2000000.0
10,2980,0,0.0,13.0,29700000.0
11,5009,1,36000.0,1.0,2000000.0
13,129,1,546500.0,5.0,2000000.0
14,250,0,14584949.440000001,14.0,8000000.0
15,1147,1,161624702.0,7.0,10000000.0
16,3260,0,2495800.0,11.0,4000000.0
18,4592,1,4011182.16,2.0,2000000.0
19,2207,1,20000000.0,6.0,20000000.0
20,59,0,10941224.520000001,25.0,5500000.0
21,3103,1,3821936.96,5.0,5000000.0
22,4684,1,868390.93,2.0,2000000.0
23,2242,1,500000.0,8.0,2000000.0
24,3012,1,500000.0,7.0,2000000.0
25,4707,1,78000.0,2.0,2600000.0
26,4938,1,1340000.0,1.0,2000000.0
27,3164,1,0.0,6.0,10000000.0
28,4852,1,0.0,2.0,2000000.0
29,5549,1,0.0,1.0,2000000.0
30,3680,1,400.0,3.0,5000000.0
32,5340,1,1500.0,1.0,2000000.0
34,2267,1,5471467.32,4.0,2000000.0
35,244,0,550817133.67,33.0,506210000.0
36,4793,1,2000000.0,2.0,2000000.0
37,3978,1,5631.87,3.0,2000000.0
38,2954,0,1414500.0,19.0,4000000.0
39,1060,1,6446308.68,12.0,2000000.0
40,2967,0,17000813.1,4.0,4000000.0
41,1315,1,0.0,5.0,2000000.0
42,126,1,1124000.0,9.0,19000000.0
43,2684,1,60000.0,4.0,5000000.0
44,2283,1,51584.99,5.0,2000000.0
45,2197,1,200000.0,5.0,2000000.0
46,3216,0,21052275.47,6.0,5000000.0
47,3309,1,0.0,6.0,2000000.0
48,2249,1,3650940.64,5.0,5000000.0
49,4136,1,1150300.0,3.0,2000000.0
50,5967,0,0.0,6.0,4000000.0
51,4179,0,0.0,3.0,4000000.0
52,2219,1,1842932.35,6.0,5000000.0
53,1774,0,100000.0,14.0,4000000.0
54,2234,1,221150000.0,5.0,20000000.0
55,5201,1,2000000.0,1.0,2000000.0
56,5242,1,20000000.0,1.0,20000000.0
57,1818,0,0.0,25.0,4000000.0
58,2490,1,0.0,5.0,2000000.0
59,1363,1,0.0,4.0,2000000.0
60,2057,1,868983.5,21.0,2000000.0
61,2262,1,0.0,12.0,2000000.0
62,133,1,1058589.4,7.0,2000000.0
63,1255,0,5914845.32,7.0,4301200.0
64,252,0,3024595.36,23.0,8000000.0
65,179,0,69419626.58,23.0,8000000.0
66,1324,1,200000.0,10.0,2000000.0
67,19,1,275234564.76,12.0,10000000.0
68,1175,0,2000000.0,12.0,4000000.0
69,2145,1,7946828.4,9.0,2000000.0
70,2762,1,5950000.0,9.0,2000000.0
71,4994,1,484872.0,1.0,2000000.0
72,2224,1,0.0,10.0,2000000.0
73,3747,1,0.0,3.0,2000000.0
74,3092,0,6512000.0,5.0,4000000.0
75,4099,1,0.0,3.0,3000000.0
76,33,1,300000.0,14.0,3000000.0
77,380,0,2927500.0,12.0,4000000.0
78,4075,1,2670000.0,3.0,2000000.0
79,2110,1,2172500.0,4.0,2000000.0
80,55,0,400000.0,12.0,4500000.0
81,4339,1,12894785.56,2.0,3000000.0
82,1835,0,7721850.0,7.0,5000000.0
83,2482,0,0.0,9.0,4000000.0
84,3129,1,4474844.1899999995,7.0,2000000.0
85,1183,1,8446749.46,5.0,2000000.0
86,1160,1,3777332.92,8.0,3000000.0
87,3022,0,8099188.4,4.0,4000000.0
88,2071,0,51271.0,23.0,4000000.0
89,137,0,300000.0,25.0,15000000.0
90,4486,1,1397093.57,7.0,2000000.0
91,5205,1,2000000.0,1.0,2000000.0
92,257,0,0.0,24.0,8000000.0
93,107,0,600000.0,26.0,4000000.0
94,4475,0,358844601.33,2.0,190000000.0
95,3820,1,1000000.0,3.0,20000000.0
96,82,0,0.0,25.0,6800000.0
97,2979,0,79500.0,5.0,4810000.0
98,2108,1,0.0,5.0,2000000.0
99,5110,0,28067908.0,1.0,5000000.0
100,889,0,379052.7,13.0,4000000.0
101,81,0,60973926.4,14.0,30000000.0
102,61,0,11002300.0,5.0,4000000.0
103,947,0,234000.0,6.0,4000000.0
104,3408,1,0.0,11.0,2000000.0
105,4188,1,400000.0,3.0,5000000.0
106,2075,0,18106095.83,24.0,5000000.0
107,1173,0,0.0,32.0,5000000.0
108,3496,1,259100.0,3.0,2000000.0
109,3617,1,1500000.0,4.0,2000000.0
110,2497,0,124000.0,9.0,4000000.0
111,4200,1,2604999.16,3.0,2000000.0
112,1102,1,133000.0,23.0,2000000.0
115,2939,1,32347169.85,7.0,2000000.0
116,5560,1,200000.0,1.0,2000000.0
117,4403,1,50.0,2.0,2000000.0
118,974,0,0.0,7.0,4000000.0
119,1065,0,1092601.0,12.0,4000000.0
120,2202,1,14152900.0,4.0,2000000.0
121,3192,1,0.0,7.0,160000000.0
122,4290,1,32834713.7,2.0,50000000.0
123,218,0,13748000.0,10.0,8000000.0
124,5043,1,2012366.18,1.0,2000000.0
125,888,0,0.0,6.0,4000000.0
126,4627,1,5989480.9,2.0,2000000.0
127,1867,1,1500000.0,5.0,20000000.0
128,5508,1,0.0,1.0,2000000.0
129,3250,1,0.0,8.0,2000000.0
130,3005,0,1421274.06,11.0,4000000.0
131,18,1,20590000.0,25.0,4000000.0
132,4361,1,21400000.0,2.0,50000000.0
133,2047,1,7854411.62,5.0,2000000.0
134,2089,1,662148.87,4.0,2000000.0
135,64,0,0.0,25.0,5000000.0
136,2322,1,8445189.86,4.0,3000000.0
137,1116,0,320000.0,10.0,4020000.0
138,2149,0,200000.0,5.0,4000000.0
139,4368,1,4985691.800000001,2.0,2000000.0
140,146,1,31074542.38,9.0,5000000.0
141,3538,1,3820120.0,4.0,36000000.0
142,4448,1,609988.3,2.0,2000000.0
143,345,0,0.0,12.0,4000000.0
144,3307,1,0.0,8.0,5300000.0
145,350,1,500000.0,7.0,2000000.0
146,62,1,44868139.84,10.0,5000000.0
147,1066,1,170000.0,10.0,2000000.0
148,3751,1,1540190.8,3.0,2000000.0
149,5627,1,2000000.0,1.0,2000000.0
150,4711,1,819471.7000000001,2.0,2000000.0
151,2208,1,16349346.47,7.0,3000000.0
152,3188,1,0.0,7.0,20000000.0
153,2506,1,347470.71,7.0,2000000.0
154,2251,0,0.0,13.0,4000000.0
155,3589,0,2000000.0,4.0,8000000.0
156,4672,1,160000.0,2.0,2000000.0
157,3160,1,3000000.0,14.0,40000000.0
158,332,0,6536019.1,12.0,4000000.0
159,53,1,366905.81,10.0,2000000.0
160,2869,1,580525859.87,10.0,20000000.0
161,2934,0,0.0,11.0,5230000.0
162,1834,1,0.0,9.0,100000000.0
163,2363,0,0.0,4.0,4000000.0
164,472,1,5501085.53,5.0,50000000.0
165,2772,1,492146.0,10.0,2000000.0
166,1643,0,305000.0,5.0,4000000.0
167,3089,1,2000000.0,7.0,4000000.0
168,2264,0,0.0,6.0,4000000.0
169,2998,1,3429937.4,11.0,2000000.0
170,3028,1,191567.1,8.0,2000000.0
171,3802,1,200000.0,3.0,2000000.0
172,315,1,0.0,6.0,2000000.0
173,116,1,2382196.8,7.0,3000000.0
174,1088,0,2284371.75,8.0,4000000.0
175,2925,0,200000.0,5.0,5920000.0
176,2218,1,5020925.04,8.0,2000000.0
177,2977,0,450200.0,9.0,6300000.0
178,1054,0,26034672.18,11.0,16000000.0
179,4488,1,1000000.0,2.0,5000000.0
180,3544,1,4377195.88,4.0,2000000.0
181,698,1,49992571.34,5.0,20000000.0
182,47,1,2700000.0,4.0,2000000.0
183,3276,0,319950.0,5.0,4000000.0
184,134,1,50000.0,9.0,2000000.0
185,4810,1,979714.0,2.0,2000000.0
186,468,1,0.0,10.0,50000000.0
187,1638,0,9871938.73,22.0,4000000.0
188,1107,1,0.0,10.0,2000000.0
189,2682,0,2098409.5,12.0,4000000.0
190,2687,1,5455101.8,5.0,2200000.0
191,4267,0,5313306.0,3.0,4000000.0
192,290,0,1276000.0,8.0,4000000.0
193,4591,1,500089.8,2.0,2000000.0
194,3792,1,12988663.79,3.0,50000000.0
195,118,0,582760.7,10.0,4000000.0
196,1637,0,3926380.76,7.0,4000000.0
197,1822,0,1000000.0,19.0,4000000.0
198,3202,0,18964.0,11.0,4000000.0
199,4906,1,7804424.0,2.0,2066600.0
200,5059,1,0.0,1.0,2000000.0
201,1055,0,962207.53,13.0,4000000.0
202,1077,1,0.0,10.0,2000000.0
203,4942,1,5511035.4,1.0,5000000.0
204,3450,1,160000.0,9.0,2000000.0
205,3947,0,90135.6,3.0,4000000.0
206,4666,1,61000.0,2.0,2000000.0
207,3,1,89024446.1,9.0,50000000.0
208,3421,0,2101888.6,10.0,4000000.0
209,4900,1,0.0,2.0,2000000.0
210,3931,1,511517.7,3.0,2000000.0
211,138,0,4203000.0,16.0,50000000.0
212,2689,1,0.0,4.0,2000000.0
213,2245,1,0.0,10.0,10000000.0
214,298,1,0.0,6.0,5000000.0
215,2299,1,0.0,4.0,2000000.0
216,37,1,894833.5,5.0,2000000.0
217,3650,0,383132.27,3.0,4000000.0
218,4306,0,180000.0,2.0,15000000.0
219,5230,1,2000000.0,1.0,2000000.0
220,4573,1,2370320.0,2.0,10110000.0
221,2185,1,0.0,9.0,3800000.0
222,4292,1,0.0,2.0,2000000.0
223,2923,0,4083929.1,7.0,4000000.0
224,690,1,43021598.769999996,7.0,20000000.0
225,3009,1,1610130.2,5.0,5000000.0
226,3719,0,102200.0,3.0,4000000.0
227,223,0,3647332.0,9.0,8000000.0
228,2924,1,11711206.0,5.0,20000000.0
229,1101,0,7369268.39,20.0,4000000.0
230,2123,1,0.0,7.0,4000000.0
231,2476,0,150000.0,11.0,4000000.0
232,3212,0,50000.0,22.0,7100000.0
233,5127,1,2000000.0,1.0,2000000.0
234,2313,0,3100000.0,6.0,4000000.0
235,347,0,3532000.0,29.0,4000000.0
236,1189,1,27651485.66,6.0,50000000.0
237,1808,0,212224.21,14.0,4000000.0
238,1636,0,50750000.0,8.0,8000000.0
239,1404,0,324420.0,4.0,4000000.0
240,2926,0,0.0,6.0,8000000.0
241,130,1,12078575.0,9.0,2440000.0
242,402,1,1803721.77,4.0,2000000.0
243,5235,1,4000000.0,1.0,4000000.0
244,2963,0,328226.76,5.0,4000000.0
245,1180,0,6833600.0,16.0,5460000.0
246,2056,1,328500.0,12.0,5000000.0
247,2069,0,16256.76,6.0,4000000.0
248,2691,1,0.0,5.0,2000000.0
249,2293,0,5397665.34,22.0,4000000.0
250,4966,1,2275000.0,1.0,2000000.0
251,5058,1,5000000.0,1.0,5000000.0
252,3219,1,140000.0,7.0,2000000.0
253,3333,0,14219495.01,29.0,4950000.0
254,2204,1,6808200.0,5.0,2000000.0
255,2318,1,630.0,7.0,10000000.0
256,99,1,8326826.53,9.0,2000000.0
257,2672,1,27000.0,5.0,2000000.0
258,88,1,1807690.0,13.0,2000000.0
259,1179,0,0.0,22.0,4600000.0
260,4187,0,1840590.0,3.0,4000000.0
261,2872,0,202900.0,5.0,4000000.0
264,3267,0,0.0,10.0,4000000.0
265,2829,1,125000.0,10.0,2000000.0
266,265,0,890974.22,22.0,18500000.0
267,946,1,232000.0,24.0,2000000.0
268,2701,0,360673.58,27.0,4000000.0
269,4433,1,10784606.56,2.0,2000000.0
270,563,1,570496650.7,22.0,20000000.0
271,2292,0,12237638.620000001,32.0,4000000.0
272,4166,1,253000.0,3.0,2000000.0
273,2049,0,300000.0,5.0,4000000.0
274,111,1,446095.0,6.0,2000000.0
275,876,0,32827322.72,11.0,4000000.0
276,3416,0,3097323.5,11.0,4000000.0
277,964,0,2250.0,8.0,4000000.0
278,2082,0,550494.2,9.0,4000000.0
279,4260,1,0.0,3.0,2000000.0
280,2742,1,0.0,9.0,2000000.0
281,3042,0,2827014.5,8.0,4000000.0
282,5202,1,2001620.0,1.0,2000000.0
283,2033,0,2505406.32,9.0,4000000.0
284,272,0,5851714.39,29.0,8000000.0
285,2753,0,1181645.0,22.0,4000000.0
286,4902,1,4521100.0,2.0,2000000.0
287,1825,1,11304989.9,5.0,2000000.0
288,1617,0,3662440.0,8.0,4000000.0
289,10,1,0.0,6.0,4000000.0
290,1815,0,11440900.0,27.0,4000000.0
291,4419,1,263000.0,2.0,100000000.0
292,2366,0,0.0,4.0,4000000.0
293,1340,1,600000.0,4.0,2000000.0
294,3102,1,508050.23,5.0,6000000.0
295,341,0,3060455.0,8.0,4706000.0
296,5636,1,1183980.0,1.0,2000000.0
297,84,1,198582.0,11.0,2400000.0
298,247,0,9682500.0,31.0,8000000.0
299,891,0,53650000.0,8.0,4000000.0
300,3205,1,2386100.0,6.0,500000000.0
301,4428,1,5000.01,2.0,3000000.0
302,2922,0,3100000.0,6.0,4000000.0
303,4770,0,1659606.27,2.0,4000000.0
304,65,1,955000.0,25.0,2100000.0
305,4498,1,1419395.8800000001,2.0,2000000.0
306,1176,0,500000.0,12.0,4000000.0
307,1089,1,0.0,9.0,2000000.0
308,1068,1,1665000.0,10.0,2000000.0
309,2231,1,8935152.23,5.0,2000000.0
310,5676,1,2875878.8,5.0,2000000.0
311,3222,0,0.0,7.0,4000000.0
312,2984,0,1675000.0,8.0,4000000.0
313,3201,1,8000000.0,6.0,5000000.0
314,263,1,38000000.0,8.0,100000000.0
315,2291,1,20000000.0,4.0,20000000.0
316,411,1,10137280.0,8.0,10000000.0
317,1848,0,641000.0,13.0,4000000.0
318,191,0,14961850.0,24.0,40000000.0
319,4579,1,18100000.0,2.0,5000000.0
320,413,0,386219.52,9.0,4000000.0
321,2140,0,2695430.3,7.0,4000000.0
322,3909,0,2347631.0300000003,3.0,7000000.0
323,5550,1,0.0,1.0,2000000.0
324,2791,1,70000.0,10.0,2000000.0
325,177,1,11103084.0,5.0,50000000.0
326,3100,0,500000.0,6.0,4000000.0
327,2983,0,172066886.22,26.0,4000000.0
328,4180,0,101000.0,3.0,4000000.0
329,5893,0,9170000.0,2.0,4000000.0
330,4615,1,644359.3,2.0,3000000.0
331,2255,1,333000.0,6.0,2000000.0
332,2088,1,520000.0,7.0,3000000.0
333,5231,1,8000000.0,1.0,8000000.0
334,4353,1,0.0,2.0,2000000.0
335,3107,1,20319510.0,5.0,2180000.0
336,3154,0,1214000.0,5.0,4060000.0
337,975,0,0.0,4.0,4000000.0
338,2982,0,722070.0,6.0,4000000.0
339,5626,1,1633958.0,1.0,2000000.0
340,85,0,895298.18,12.0,4000000.0
341,3284,1,21125084.8,5.0,20000000.0
342,4542,1,1395100.14,2.0,2000000.0
343,3716,1,8803100.0,3.0,2000000.0
344,3280,1,32986965.96,31.0,20000000.0
345,4071,1,1370663.25,3.0,2000000.0
346,2164,0,0.0,9.0,4000000.0
347,348,1,0.0,10.0,2000000.0
348,2221,1,0.0,7.0,20000000.0
349,269,0,0.0,23.0,8000000.0
350,3760,1,0.0,3.0,2000000.0
351,1334,1,82000.0,5.0,2000000.0
352,3227,1,43200.0,7.0,5000000.0
353,2822,0,16058418.209999999,24.0,4000000.0
354,2176,1,442992350.0,7.0,200000000.0
355,2239,1,2803100.0,8.0,20000000.0
356,5837,1,0.0,1.0,8000000.0
357,954,0,500000.0,7.0,4000000.0
358,880,1,1429771.75,7.0,2000000.0
359,4405,1,23618990.0,2.0,20000000.0
360,3828,1,41560515.2,3.0,2000000.0
361,2302,0,0.0,25.0,4000000.0
362,330,0,1505.0,7.0,4000000.0
364,1349,1,0.0,7.0,2090000.0
365,245,0,5147004.92,11.0,10000000.0
367,308,1,35000.0,5.0,2000000.0
368,3015,1,1174337.62,12.0,2650000.0
369,3791,1,312895.43,3.0,2000000.0
370,4450,1,400000.0,2.0,2000000.0
371,3460,0,2002600.0,8.0,28000000.0
372,4739,1,320000.0,2.0,2000000.0
373,2067,1,0.0,9.0,2000000.0
374,712,1,99222660.54,12.0,20000000.0
375,4497,1,9577327.370000001,2.0,2000000.0
376,2289,1,134000.0,9.0,2000000.0
377,3020,1,880746.5,7.0,2000000.0
378,2844,1,3104000.0,9.0,20000000.0
379,213,0,7611026.180000001,6.0,10000000.0
380,2034,0,7181402.9,11.0,4000000.0
381,2217,1,2200800.0,6.0,20000000.0
382,2206,1,903264.4,7.0,2000000.0
383,2045,1,300000.0,10.0,2000000.0
384,3753,0,1943476.3,3.0,4000000.0
385,1050,1,0.0,13.0,3000000.0
386,106,0,22091253.82,25.0,55000000.0
387,5105,1,2000000.0,1.0,2000000.0
388,3555,1,953843.0,4.0,2000000.0
389,2212,1,165745.0,6.0,2000000.0
390,2220,1,352880041.3,11.0,50000000.0
391,2261,1,85000.0,5.0,5000000.0
392,76,0,12800450.0,22.0,260000000.0
393,1866,1,16860942.5,7.0,20000000.0
394,4390,1,510000.0,2.0,2000000.0
395,5548,1,0.0,1.0,2000000.0
396,2931,0,7494750.0,11.0,5000000.0
397,131,0,2761494.29,5.0,25000000.0
398,5566,1,0.0,1.0,2227700.0
399,2070,1,100000.0,6.0,2000000.0
400,2975,0,3600.0,5.0,4000000.0
401,4482,1,10000000.0,2.0,2000000.0
402,1819,0,0.0,6.0,4000000.0
403,73,1,4594680.49,24.0,2000000.0
404,2199,1,0.0,10.0,2000000.0
405,17,1,33248325.310000002,12.0,3000000.0
406,5351,1,2769245.4,1.0,2000000.0
407,14,1,0.0,8.0,5000000.0
408,3568,0,1618510.83,4.0,4000000.0
410,212,1,41583003.25,8.0,20460000.0
411,3074,1,0.0,26.0,2000000.0
412,2720,0,0.0,9.0,5000000.0
413,1092,0,0.0,9.0,24000000.0
414,5160,1,8876.0,1.0,2000000.0
415,128,1,337800.0,5.0,4000000.0
416,395,1,75150.0,4.0,2000000.0
417,96,0,3339432.24,10.0,10000000.0
418,4953,1,2000000.0,1.0,2000000.0
419,4789,1,0.0,2.0,2000000.0
420,233,0,23038952.57,26.0,8000000.0
421,45,1,4398478.56,9.0,2000000.0
422,2831,1,0.0,24.0,3000000.0
423,5313,1,2000000.0,1.0,2000000.0
424,3319,0,12977833.1,12.0,4000000.0
425,4870,1,23000000.0,2.0,10000000.0
426,145,1,31300000.0,5.0,5000000.0
427,102,1,1484692.23,6.0,2000000.0
428,3350,0,3144000.0,32.0,4000000.0
429,3336,0,0.0,4.0,4470000.0
430,4009,1,23755928.18,3.0,2000000.0
431,3674,1,6394822.39,3.0,4000000.0
432,1869,1,66953.4,8.0,2000000.0
433,307,1,345900.0,7.0,2000000.0
434,3338,1,0.0,11.0,3000000.0
435,147,1,0.0,7.0,5000000.0
436,5111,1,4480568.76,1.0,2000000.0
437,4786,1,1000000.0,2.0,3000000.0
438,2314,0,1062124.47,23.0,4000000.0
439,2666,1,351888530.6,9.0,20000000.0
440,3253,0,60000.0,4.0,5000000.0
441,4281,1,300000.11,2.0,2000000.0
442,149,1,0.0,25.0,2000000.0
443,36,1,5693026.54,18.0,40000000.0
444,3430,1,1144900.0,10.0,2000000.0
445,3206,0,5201568.0,8.0,5000000.0
446,1805,0,0.0,23.0,5040000.0
447,5050,1,5000000.0,1.0,5000000.0
448,892,1,771110.71,10.0,2800000.0
449,325,1,1729675.4,4.0,2000000.0
450,185,0,214493041.4,10.0,8000000.0
451,310,1,600000.0,5.0,2000000.0
452,3883,1,120000.0,3.0,5000000.0
453,267,0,53380619.41,7.0,50000000.0
454,3509,0,0.0,4.0,30000000.0
455,29,1,515500.0,12.0,2000000.0
456,4381,0,1890000.0,2.0,7510000.0
457,4777,1,5000000.0,2.0,10000000.0
458,4765,1,1870000.0,2.0,2000000.0
459,115,1,9324100.8,8.0,2000000.0
460,3731,0,1664130.28,3.0,4000000.0
461,5562,1,21550.0,1.0,2000000.0
462,2738,1,444536.11,6.0,4500000.0
464,20,0,34371950.81,6.0,4000000.0
465,2492,0,0.0,6.0,4000000.0
468,5049,1,2000000.0,1.0,2000000.0
470,865,1,5000.0,11.0,2000000.0
471,182,0,116304135.02,29.0,8000000.0
472,3221,1,4074650.51,11.0,2000000.0
473,410,1,0.0,5.0,2000000.0
476,2232,1,0.0,10.0,20000000.0
477,3584,1,65000.0,4.0,2000000.0
478,4456,1,1997668.0,1.0,2000000.0
479,346,0,11301106.32,9.0,4000000.0
480,2850,0,1230500.0,28.0,7000000.0
481,3337,0,892305.92,5.0,4000000.0
482,3190,0,87600.0,28.0,4220000.0
483,4359,1,6047450.0,2.0,2000000.0
484,271,0,7600130.0,22.0,8000000.0
485,2270,0,11649774.12,36.0,4000000.0
486,256,0,4290698930.67,33.0,8000000.0
487,95,0,601620.0,7.0,10000000.0
488,2693,1,0.0,8.0,4000000.0
489,3939,1,0.0,3.0,2000000.0
490,3291,1,1281746.6,28.0,200000.0
491,2755,1,43213.0,4.0,5000000.0
492,3252,0,11294730.29,7.0,5700000.0
493,4799,1,0.0,1.0,2000000.0
494,2215,1,20000.0,5.0,2000000.0
495,3088,1,1363753.1,7.0,2000000.0
496,951,1,828659.0,5.0,2000000.0
497,948,1,300000.0,8.0,2000000.0
498,5568,0,3535000.0,1.0,4000000.0
499,2960,0,2594440.0,6.0,4000000.0
500,67,0,1000000.0,11.0,220000000.0
501,5019,1,300000.0,1.0,2000000.0
502,5547,1,0.0,1.0,10000000.0
503,2278,1,668340.0,4.0,2000000.0
504,2080,1,14303636.99,6.0,2000000.0
507,34,1,0.0,6.0,3000000.0
508,2763,1,1064272.0,26.0,2000000.0
510,3579,1,137500.0,4.0,2000000.0
511,1773,0,0.0,23.0,4200000.0
512,3075,0,2660.0,10.0,4000000.0
513,3032,1,10348296.88,5.0,2000000.0
514,4571,1,379500.0,2.0,2000000.0
515,2223,1,6555219.7,5.0,2000000.0
516,2087,1,1855300.0,5.0,2000000.0
517,2116,1,10000.0,7.0,2000000.0
518,3297,0,199836.0,9.0,4000000.0
519,3677,1,40000.0,3.0,2000000.0
520,2114,1,66000.0,8.0,2000000.0
521,1058,1,72705411.25,13.0,2000000.0
522,4808,1,380421.6,2.0,2200000.0
523,174,1,0.0,22.0,2100000.0
524,2308,1,2663262.8,7.0,2000000.0
525,4167,1,2100000.0,3.0,2000000.0
526,4907,1,2799390.0,2.0,2600000.0
527,1078,1,0.0,19.0,2000000.0
528,4141,1,3060000.0,3.0,50000000.0
529,1159,0,69000.0,6.0,4000000.0
530,2098,1,10965553.14,7.0,2000000.0
531,4120,1,10264500.0,3.0,10000000.0
532,227,0,13613645.3,33.0,8000000.0
533,235,0,13592932.44,8.0,50000000.0
534,356,0,190000.0,7.0,4000000.0
535,1628,1,2705669.1,11.0,4000000.0
536,3880,0,2501500.0,3.0,4000000.0
537,2106,0,6525000.0,6.0,4000000.0
538,135,1,725100.0,5.0,2300000.0
539,2317,1,0.0,5.0,10000000.0
540,5199,1,2300000.0,1.0,2300000.0
541,2191,1,650000.0,6.0,20000000.0
542,3619,0,0.0,4.0,4000000.0
543,1272,1,262500.0,5.0,2000000.0
544,2968,0,170000.0,6.0,4000000.0
545,4399,1,11307348.66,2.0,50000000.0
546,2066,1,1329719.0,7.0,2000000.0
547,4509,1,4611936.71,2.0,2000000.0
548,3868,1,245966.4,3.0,2000000.0
549,101,1,0.0,4.0,2000000.0
550,448,0,34215664.0,12.0,4000000.0
551,3067,0,900.0,4.0,6000000.0
552,222,0,98783446.57,20.0,40000000.0
553,4774,1,470689.0,2.0,5000000.0
554,2147,0,274876.9,4.0,4000000.0
555,505,1,56003842.89,8.0,20000000.0
556,3029,1,185954.02,6.0,2200000.0
557,142,0,60546217.07,8.0,4000000.0
558,5161,1,3000000.0,1.0,2000000.0
559,3264,0,2401215.7,6.0,5620000.0
560,5204,1,2607053.04,1.0,2000000.0
561,1680,1,22200290.0,9.0,50000000.0
562,360,1,13654974.92,6.0,50000000.0
563,205,0,0.0,28.0,8000000.0
564,2378,1,0.0,4.0,20000000.0
565,3184,1,608374.2,12.0,4000000.0
566,3204,1,250000.0,6.0,3000000.0
567,71,0,1622657.37,25.0,8600000.0
568,184,0,337063209.42,8.0,20000000.0
569,4293,1,1400000.0,2.0,2000000.0
570,362,1,38000000.0,9.0,50000000.0
571,112,1,2662200.0,8.0,2000000.0
573,4466,1,961988.3,2.0,2000000.0
574,2265,1,0.0,4.0,2000000.0
575,3007,1,199009.0,9.0,2000000.0
576,2131,1,3199500.0,6.0,10000000.0
577,77,0,96807456.85,23.0,144000000.0
578,4054,1,5000000.0,3.0,2000000.0
579,4007,0,0.0,3.0,4000000.0
580,2987,0,27000.0,5.0,4010000.0
581,3311,1,3054400.0,7.0,2000000.0
582,1053,1,16634433.59,12.0,4000000.0
583,4769,1,1836021.23,2.0,2000000.0
584,1647,0,8309931.81,5.0,5000000.0
585,316,1,9000000.0,4.0,2000000.0
586,44,1,42640000.0,5.0,10000000.0
587,4898,1,7123.27,2.0,2000000.0
588,1140,1,1491869.0,7.0,2000000.0
589,2109,1,140000.0,8.0,2000000.0
590,1086,0,13973142.440000001,27.0,4000000.0
591,3323,1,1138941.59,5.0,2000000.0
592,40,1,5335948.98,5.0,4500000.0
593,4492,1,3558659.52,2.0,2000000.0
594,2696,0,1200000.0,8.0,4000000.0
595,2156,1,1110199.0,8.0,5000000.0
596,3099,1,6561998.0,6.0,2000000.0
597,2243,1,26959.52,6.0,3000000.0
599,3620,0,0.0,4.0,5000000.0
600,3554,1,210000.0,4.0,2000000.0
601,1057,1,1647438.28,11.0,8000000.0
602,4941,1,7900458.1,1.0,2000000.0
603,401,1,735200.0,4.0,2000000.0
604,6287,1,2657100.0,3.0,2000000.0
605,3344,0,362000.0,11.0,4000000.0
606,5203,1,8000000.0,1.0,2000000.0
607,4129,1,120000.0,3.0,2000000.0
608,2290,1,18680061.79,11.0,2000000.0
609,449,0,10843649.02,27.0,4000000.0
610,2158,0,255000.0,5.0,4000000.0
611,321,1,12430830.0,10.0,5000000.0
612,3011,1,5029505.75,7.0,2000000.0
615,2485,1,776595.97,6.0,4000000.0
616,5025,1,0.0,1.0,2000000.0
617,4454,1,5000000.0,2.0,2000000.0
618,2081,1,500000.0,4.0,2000000.0
619,4776,1,557500.0,2.0,2000000.0
620,2258,0,0.0,22.0,4000000.0
621,1730,1,0.0,4.0,2000000.0
622,49,1,201600.0,4.0,2000000.0
623,97,0,0.0,25.0,10000000.0
624,183,0,12280000.0,18.0,8000000.0
625,3746,1,0.0,3.0,2000000.0
626,1161,1,279600.0,7.0,2000000.0
627,4508,1,2650000.0,2.0,2000000.0
628,1874,1,1600000.0,6.0,20000000.0
629,2632,0,0.0,7.0,5000000.0
630,2039,1,0.0,7.0,20000000.0
631,2225,1,3146516.08,5.0,5000000.0
632,4970,0,0.0,1.0,6000000.0
633,144,1,132074.66,10.0,2250000.0
634,273,0,33118900.0,11.0,8000000.0
635,2851,0,6546350.0,12.0,4000000.0
636,1888,0,0.0,11.0,4000000.0
637,1168,0,1903558.2,18.0,4000000.0
638,343,0,1270000.0,6.0,4000000.0
639,932,0,2211376.09,25.0,4000000.0
640,2295,1,5066829.09,4.0,2000000.0
641,924,1,8382605.0,6.0,2000000.0
642,3418,1,0.0,10.0,7510000.0
643,2953,1,0.0,10.0,2000000.0
644,5011,1,214105.66,1.0,2000000.0
645,2150,1,190000.0,6.0,2000000.0
646,5315,1,2000000.0,1.0,2000000.0
647,5280,1,2000000.0,1.0,2000000.0
648,1809,0,0.0,10.0,4000000.0
649,4778,1,14639989.86,2.0,2000000.0
650,1810,0,2363690.72,32.0,4000000.0
651,2083,1,26000.0,4.0,2000000.0
652,3025,0,0.0,20.0,4137000.0
653,286,0,652500.0,12.0,4000000.0
654,151,1,1656854.34,26.0,2000000.0
655,2102,1,2610000.0,7.0,2000000.0
656,2764,1,703000.0,18.0,2100000.0
657,3649,1,170000.0,3.0,2000000.0
658,4556,1,1100000.0,2.0,3000000.0
659,1681,1,22454523.43,5.0,20000000.0
660,2096,1,172738.5,5.0,2000000.0
661,1804,0,20000.0,9.0,4000000.0
662,4235,1,14216.88,2.0,2000000.0
663,3813,1,0.0,3.0,2000000.0
664,4903,1,3515800.1,2.0,2210000.0
665,188,0,173713102.85,8.0,10000000.0
666,2716,1,1153552.0,22.0,2100000.0
667,68,0,4069935.4,4.0,4000000.0
668,4223,1,0.0,2.0,3000000.0
669,3095,0,66000.0,4.0,4000000.0
670,1067,1,0.0,13.0,2000000.0
671,2058,1,2550000.0,4.0,3050000.0
672,200,0,205212408.02,30.0,12000000.0
673,2237,1,4625818.81,25.0,2100000.0
674,5069,1,148600.0,1.0,50000000.0
675,2743,1,0.0,5.0,2000000.0
676,4056,1,666000.0,3.0,2000000.0
677,3539,0,12970715.65,35.0,4000000.0
678,3207,0,2241964.3,29.0,28700000.0
679,3106,0,1454000.0,12.0,4000000.0
680,3957,0,3962044.52,3.0,4000000.0
681,1725,0,433469.0,7.0,4085000.0
682,3545,1,0.0,4.0,2000000.0
683,1041,0,0.0,5.0,4000000.0
684,2120,0,200000.0,9.0,4000000.0
685,1073,0,20282101.14,13.0,4000000.0
686,1821,0,200000.0,25.0,5300000.0
687,13,1,9258704.81,7.0,5000000.0
688,1245,0,321376.1,8.0,4000000.0
689,2115,0,4716226.180000001,25.0,4000000.0
690,3942,1,288948.0,3.0,2000000.0
691,93,1,780000.0,10.0,2000000.0
692,83,0,2213300.0,12.0,15000000.0
693,4955,1,253010.0,1.0,2000000.0
694,4460,1,5600.0,2.0,2000000.0
695,351,0,91589770.11,23.0,4200000.0
696,1056,1,0.0,5.0,50000000.0
697,1844,1,0.0,11.0,2750000.0
698,1827,1,15816575.530000001,4.0,3000000.0
699,967,1,1654748.0,7.0,2000000.0
700,2144,1,275210.02,4.0,2000000.0
701,11,1,800000.0,4.0,5000000.0
702,123,1,0.0,21.0,60000000.0
703,3169,0,11508589.32,8.0,4000000.0
704,969,0,0.0,4.0,4000000.0
705,4490,1,0.0,2.0,2000000.0
706,5271,1,0.0,1.0,2000000.0
707,957,0,1477476.9,31.0,4000000.0
708,6113,1,0.0,1.0,2000000.0
709,189,0,25205495.0,24.0,8000000.0
712,925,0,2262.12,29.0,18200000.0
713,4760,1,6000.0,2.0,2000000.0
714,331,1,1638890.0,10.0,2000000.0
715,4400,1,2000000.0,2.0,10000000.0
716,2130,1,80000.0,8.0,2000000.0
717,2277,1,1290000.0,9.0,4000000.0
718,2274,1,0.0,5.0,10000000.0
719,3269,1,5369578.0,9.0,2000000.0
720,2828,1,2000.0,23.0,2000000.0
721,3398,1,0.0,21.0,4000000.0
722,973,0,50000.0,4.0,4000000.0
723,2241,1,1359103.7,4.0,2000000.0
724,4536,1,370000.0,2.0,2000000.0
725,4544,1,94000.0,2.0,2000000.0
726,1162,1,0.0,7.0,2000000.0
727,3638,1,7778696.220000001,3.0,20000000.0
728,4781,1,4640000.0,2.0,5000000.0
729,1064,0,0.0,5.0,4000000.0
730,5200,1,2000000.0,1.0,2000000.0
731,2710,0,600000.0,29.0,4000000.0
732,56,0,5361485.61,25.0,6000000.0
733,1837,0,39900.0,8.0,4000000.0
734,4731,1,237350483.48,2.0,50000000.0
735,1172,1,785704.85,6.0,3000000.0
736,3711,1,259374.62000000002,3.0,2000000.0
737,1843,1,2905978.0,5.0,4090000.0
738,5603,1,8147.0,1.0,2000000.0
739,127,1,1635957.66,5.0,2000000.0
740,2712,0,11107887.44,25.0,4000000.0
741,3161,1,2906032.0500000003,7.0,20000000.0
742,4695,1,0.0,2.0,2000000.0
743,1816,0,121927.5,22.0,4000000.0
744,3182,0,2056850.0,7.0,4500000.0
745,2848,0,98624000.0,15.0,4000000.0
746,5345,1,2010960.5,1.0,2000000.0
747,155,1,350000.0,12.0,2000000.0
748,3327,0,15941291.79,31.0,6000000.0
749,1138,1,207500.0,5.0,2000000.0
750,349,0,129201.79,15.0,34300000.0
751,4954,1,20000000.0,1.0,2000000.0
752,3265,0,4850847.38,10.0,4000000.0
753,1657,1,160000.0,5.0,2000000.0
754,2068,0,9743720.69,9.0,4000000.0
755,274,0,39507989.0,25.0,10000000.0
756,72,1,0.0,15.0,2500000.0
757,2315,1,1107800.0,14.0,2100000.0
758,3170,1,0.0,5.0,15000000.0
759,2214,1,5000.0,5.0,2000000.0
760,886,1,420000.0,8.0,2200000.0
761,2834,1,18345460.87,24.0,4000000.0
762,4614,1,1053540.0,2.0,3000000.0
763,3569,1,155000.0,4.0,3000000.0
764,2141,1,0.0,5.0,2000000.0
765,3782,1,637000.0,3.0,2000000.0
766,1049,1,0.0,7.0,7000000.0
767,3781,1,2950350.0,3.0,20000000.0
768,4333,1,0.0,2.0,2000000.0
769,2676,1,9000000.0,11.0,20000000.0
770,1624,1,20000.0,11.0,2100000.0
773,1074,1,354630.28,5.0,2000000.0
774,5509,1,2000000.0,1.0,2000000.0
775,5288,1,2000000.0,1.0,2000000.0
776,1407,0,0.0,6.0,4000000.0
777,2065,1,1423646.0,4.0,2000000.0
778,2142,1,0.0,6.0,2000000.0
779,1735,1,0.0,4.0,10000000.0
780,42,1,804674.0,6.0,5000000.0
781,2273,1,1341740.0,11.0,5000000.0
782,52,1,0.0,24.0,100000000.0
783,3898,1,0.0,3.0,3000000.0
784,3830,1,2000000.0,3.0,30000000.0
785,5232,1,2053800.0,1.0,2050000.0
786,158,1,5332150.0,7.0,2000000.0
787,5206,1,3000000.0,1.0,2000000.0
788,336,0,0.0,4.0,4000000.0
789,180,0,636031.57,22.0,8000000.0
790,857,1,579000.0,11.0,2000000.0
791,960,0,0.0,17.0,4050000.0
792,2097,0,16920000.0,4.0,4000000.0
793,242,0,28103499.06,27.0,8000000.0
794,4291,1,416900.0,3.0,2000000.0
797,2263,1,0.0,21.0,2100000.0
798,2802,1,0.0,31.0,3000000.0
799,323,1,22000.0,4.0,2000000.0
800,2061,0,11076096.63,31.0,4000000.0
801,5314,1,2000000.0,1.0,2000000.0
802,4076,1,20108000.0,3.0,20000000.0
803,3927,1,376300.0,3.0,2300000.0
804,266,0,54451883.62,32.0,8000000.0
805,3109,0,0.0,7.0,5870000.0
806,87,0,2239565.3,25.0,50000000.0
807,1829,0,774800.0,13.0,4000000.0
808,1036,1,16570000.0,8.0,100000000.0
809,2129,0,100000.0,10.0,4000000.0
810,2090,1,1656500.0,4.0,2000000.0
811,1354,1,0.0,5.0,5000000.0
812,952,1,59905149.83,8.0,2000000.0
813,4616,1,32750.0,2.0,2000000.0
814,4449,1,0.0,2.0,2000000.0
815,3008,0,801109.0,5.0,4000000.0
816,4804,1,203881.7,2.0,2000000.0
817,2973,0,6650000.0,8.0,4000000.0
818,148,1,0.0,7.0,6010000.0
819,2959,0,39625980.82,8.0,4000000.0
820,237,0,116730104.59,9.0,8000000.0
821,3187,0,1670384.58,27.0,4000000.0
822,3797,1,20066700.0,3.0,2000000.0
825,3618,0,7746200.0,4.0,4000000.0
826,3278,0,0.0,4.0,4000000.0
827,2695,1,777129.0,8.0,2000000.0
828,1792,1,4177000.0,5.0,100000000.0
829,3759,1,130000.0,3.0,2000000.0
830,3602,1,5452476.0,5.0,2000000.0
831,3913,1,3600000.0,3.0,20000000.0
832,1616,0,4135000.0,7.0,4000000.0
833,1734,0,664500.0,13.0,4150000.0
834,2971,0,79962995.25999999,6.0,4000000.0
835,78,0,0.0,25.0,6000000.0
836,5510,1,2000000.0,1.0,2000000.0
837,399,0,1100000.0,4.0,4000000.0
838,3325,0,4229667.34,31.0,2860000.0
839,3397,0,99657883.0,30.0,8000000.0
840,2281,1,192000.0,5.0,20000000.0
841,2137,1,1732300.0,4.0,2000000.0
842,3220,1,0.0,5.0,3000000.0
843,1620,1,0.0,4.0,2000000.0
844,3312,1,205000.0,7.0,2000000.0
845,317,1,4334294.51,4.0,5500000.0
846,3185,1,150000.0,4.0,2000000.0
847,1799,1,0.0,10.0,20000000.0
848,930,1,1500000.0,7.0,10000000.0
849,3636,1,0.0,3.0,2000000.0
850,3873,1,0.0,3.0,5000000.0
851,3019,1,108000.0,5.0,2000000.0
852,3018,1,3081870.0,5.0,2000000.0
853,3308,1,2607500.0,7.0,2000000.0
854,4117,1,955493.0,3.0,2000000.0
855,3734,1,465000.0,3.0,2000000.0
856,427,1,1374775.4,4.0,2000000.0
859,1655,1,5406310.0,5.0,20000000.0
860,3814,0,2625030.1,3.0,4000000.0
861,3834,1,1080000.0,3.0,2000000.0
864,1266,0,17700.0,5.0,4001000.0
865,5969,1,2187617.0,1.0,2001000.0
866,5032,1,10000000.0,1.0,10000000.0
867,3131,1,170000.0,7.0,2000000.0
868,1043,0,501620.0,28.0,4000000.0
872,5010,1,328400.0,1.0,2000000.0
873,4093,1,0.0,3.0,2000000.0
874,4265,1,20000000.0,3.0,2000000.0
875,3970,1,5605316.03,3.0,2000000.0
878,4111,1,80000.0,3.0,2000000.0
879,1618,1,100000.0,4.0,2010000.0
880,1127,1,6050000.0,34.0,20000000.0
881,15,1,100000.0,9.0,2000000.0
882,4884,0,58000000.0,2.0,25000000.0
883,2307,0,2062519.0,24.0,6000000.0
884,209,0,169536031.69,12.0,30500000.0
885,1794,0,2100.0,5.0,5500000.0
886,16,1,718205.0,10.0,2000000.0
887,2686,1,200000.0,4.0,5000000.0
888,4968,1,501995.96,1.0,3000000.0
889,5217,1,0.0,1.0,50000000.0
890,215,0,3234860.0,30.0,8000000.0
891,3213,0,4289140.0,12.0,30000000.0
892,2957,1,2876000.0,3.0,2000000.0
893,1313,1,0.0,6.0,2000000.0
894,1806,1,846517.17,23.0,2100000.0
895,178,0,22656069.880000003,15.0,8000000.0
896,251,0,1550000.0,35.0,8800000.0
897,4189,1,43430222.0,3.0,2000000.0
898,2078,1,4100000.0,6.0,2000000.0
899,92,0,0.0,22.0,8700000.0
900,238,0,35427685.32,31.0,30000000.0
903,2222,1,10289494.0,6.0,2000000.0
904,3423,0,45646055.690000005,10.0,4000000.0
905,2228,1,0.0,24.0,2100000.0
906,1071,1,0.0,6.0,2000000.0
907,2297,1,200000.0,13.0,2000000.0
908,4705,1,3905988.0,2.0,3700000.0
909,4193,1,3450000.0,3.0,2000000.0
912,248,0,18911200.0,20.0,10000000.0
913,2132,0,43106528.17,11.0,5030000.0
914,3091,1,1820626.0,5.0,2000000.0
915,3168,0,0.0,8.0,4000000.0
916,1047,0,2172000.0,9.0,4600000.0
917,5343,1,146173.7,1.0,2000000.0
918,3217,0,200000.0,6.0,4000000.0
919,4077,1,584000.0,3.0,2000000.0
920,3672,1,22000671.0,3.0,11000000.0
921,2079,1,5056356.1,4.0,2000000.0
922,1062,0,63357.69,13.0,6000000.0
923,3098,0,1577142.85,4.0,4000000.0
924,2956,0,7962624.3,12.0,6640000.0
925,4998,1,1970390.77,1.0,2000000.0
926,2254,0,2620000.0,28.0,4000000.0
927,4052,1,160000.0,3.0,2000000.0
928,1329,0,6867292.17,4.0,4000000.0
929,4869,1,170000.0,2.0,2000000.0
930,3549,0,2100000.0,4.0,4000000.0
931,2227,1,3192877.14,5.0,30000000.0
932,326,0,4341116.0,29.0,4000000.0
933,254,0,12120000.0,28.0,8000000.0
934,856,1,22192532.580000002,10.0,100000000.0
935,4274,1,5252080.0,1.0,2000000.0
936,4348,1,2867623.02,2.0,2000000.0
937,2714,0,9947.73,6.0,4000000.0
938,2095,1,192000.0,6.0,2000000.0
939,4867,1,3450000.0,2.0,2000000.0
940,344,0,0.0,7.0,4000000.0
941,2711,0,100000.0,25.0,4000000.0
942,5466,0,0.0,1.0,40000000.0
943,86,0,67675412.75999999,25.0,30000000.0
944,5965,0,466268.24,1.0,4000000.0
945,5113,1,1000000.0,1.0,2000000.0
946,1648,0,573385.59,27.0,4000000.0
947,1716,0,231128.09,4.0,4000000.0
948,216,0,14671515.0,12.0,8000000.0
949,1359,0,0.0,5.0,5000000.0
950,328,0,0.0,4.0,4000000.0
951,3455,0,22050427.5,8.0,4000000.0
952,3998,1,0.0,3.0,2000000.0
953,2487,1,1009833.62,28.0,2100000.0
954,2985,0,6156221.96,7.0,4000000.0
955,965,1,1219762.0,7.0,2000000.0
956,206,0,211755756.98,11.0,15000000.0
957,3228,1,24695000.0,4.0,21000000.0
958,282,1,52851395.33,6.0,20000000.0
959,1626,1,5195864.8,5.0,2000000.0
960,2093,1,0.0,11.0,2000000.0
961,1075,1,40000.0,5.0,2000000.0
962,3728,1,0.0,3.0,2000000.0
963,4671,1,3978605.0,2.0,3060000.0
965,4633,1,1057180.17,2.0,1000000.0
966,3317,1,245000.0,5.0,2000000.0
967,2266,1,0.0,4.0,2000000.0
968,4661,1,180648.0,2.0,2000000.0
969,3073,0,0.0,9.0,4000000.0
970,9,0,50000.0,13.0,4000000.0
971,1678,0,0.0,28.0,4370000.0
972,2705,0,800.0,9.0,4000000.0
973,5000,1,2000000.0,1.0,2000000.0
974,1090,1,0.0,15.0,2000000.0
975,5197,1,2000000.0,1.0,2000000.0
976,1063,0,0.0,20.0,4000000.0
977,2046,1,0.0,9.0,3000000.0
978,3290,1,7008974.0,12.0,20000000.0
979,4197,1,0.0,3.0,50000000.0
980,3581,1,599576.52,4.0,2000000.0
981,2751,1,21892734.78,7.0,2000000.0
984,2740,1,3036370.49,11.0,2000000.0
985,1320,0,3245000.0,5.0,4000000.0
986,3191,1,0.0,7.0,176000000.0
987,1037,1,935166.0,5.0,50000000.0
988,3904,1,63062278.260000005,3.0,50000000.0
989,2818,1,610000.0,10.0,2000000.0
990,4384,1,186800.0,2.0,4000000.0
991,3026,1,4716260.0,5.0,2000000.0
992,4908,1,25100000.0,2.0,25000000.0
994,3881,1,1067248.0,3.0,2000000.0
995,2323,1,2586163.75,5.0,4000000.0
996,3543,1,1562442.23,4.0,5000000.0
997,4993,1,901000.0,1.0,2000000.0
998,207,0,427410932.82,36.0,8000000.0
999,236,0,471167853.48,28.0,10000000.0
1000,3211,0,0.0,6.0,5000000.0
1001,4851,1,394174.76,2.0,5050000.0
1002,141,1,2517673.6,5.0,2000000.0
1003,3277,0,458000.0,11.0,4080000.0
1004,2060,1,3874330.5,8.0,2000000.0
1005,375,1,900000.0,8.0,4000000.0
1006,1817,0,0.0,23.0,6000000.0
1007,313,1,1242500.0,4.0,4100000.0
1008,3256,1,0.0,5.0,2000000.0
1009,3889,1,3073774.5,3.0,2000000.0
1010,2085,1,1964340.1099999999,6.0,20000000.0
1011,1166,1,10249770.17,7.0,2000000.0
1013,3917,1,1200000.0,3.0,2000000.0
1014,2969,1,5016000.0,4.0,100000000.0
1015,5799,1,450700.0,6.0,2000000.0
1016,431,1,2000000.0,8.0,2000000.0
1017,30,1,0.0,25.0,2000000.0
1018,2287,0,47275830.57,10.0,4000000.0
1019,4277,1,500000.0,2.0,2000000.0
1020,260,0,33491206.240000002,18.0,50000000.0
1021,2837,1,0.0,13.0,2000000.0
1022,2683,0,3910000.0,13.0,4000000.0
1023,3196,1,0.0,9.0,4500000.0
1024,3773,1,0.0,3.0,2000000.0
1025,3403,0,3998150.99,12.0,4000000.0
1026,5067,1,10742156.48,1.0,2000000.0
1027,5066,1,2000000.0,1.0,2000000.0
1028,63,0,15031381.78,11.0,10000000.0
1029,5290,1,0.0,1.0,3000000.0
1030,122,0,0.0,24.0,30900000.0
1031,119,1,3259031.1,7.0,8000000.0
1032,3629,1,0.0,3.0,2000000.0
1033,4853,1,2370000.0,2.0,25000000.0
1034,1807,0,0.0,14.0,15800000.0
1035,5081,1,2179206.7,1.0,2000000.0
1036,887,0,0.0,6.0,4000000.0
1037,314,1,81000.0,5.0,2000000.0
1038,2965,0,1500808.67,6.0,4000000.0
1039,5476,1,426228.74,1.0,2000000.0
1040,4322,1,0.0,2.0,2000000.0
1041,4123,1,3330.0,3.0,2000000.0
1042,917,1,0.0,4.0,5000000.0
1043,4366,1,13157004.58,2.0,5000000.0
1044,3031,1,495185.33,6.0,2000000.0
1045,2972,0,6031289.9,8.0,4000000.0
1046,2162,0,2254723.37,9.0,4000000.0
1047,4555,1,0.0,2.0,2200000.0
1048,959,0,889720.0,6.0,4000000.0
1049,139,1,388500.0,5.0,2000000.0
1050,230,0,447278535.15,29.0,10000000.0
1051,1630,1,0.0,5.0,2000000.0
1052,210,0,23966017.4,14.0,8000000.0
1053,2205,1,137385.0,5.0,2000000.0
1054,3298,1,9635778.4,5.0,20000000.0
1055,3634,0,13529900.0,3.0,4000000.0
1056,3405,0,9226821.8,12.0,4000000.0
1057,5195,1,2000000.0,1.0,2000000.0
1058,2321,1,0.0,11.0,2000000.0
1059,1163,1,2000000.0,7.0,2000000.0
1060,2153,0,1100000.0,12.0,4000000.0
1061,5013,1,1500000.0,1.0,2000000.0
1062,873,1,41600.0,5.0,2200000.0
1063,4225,1,69880.0,3.0,2000000.0
1064,956,0,1536438.6,5.0,4000000.0
1065,2268,1,0.0,22.0,2100000.0
1066,1640,1,20000000.0,8.0,3000000.0
1067,4849,1,2506446.3,2.0,2000000.0
1068,2870,0,277500.0,28.0,4000000.0
1070,3167,1,500000.0,9.0,2000000.0
1071,1824,1,628382.0,22.0,2000000.0
1072,3021,1,0.0,6.0,2000000.0
1073,2700,1,0.0,7.0,2000000.0
1074,2697,0,5800000.0,6.0,10000000.0
1075,1796,0,3201665.1,8.0,4000000.0
1076,1729,0,1312620.0,7.0,4000000.0
1077,22,1,27693.05,11.0,2000000.0
1078,437,1,0.0,9.0,2000000.0
1079,5952,1,14061996.5,10.0,2000000.0
1080,4984,1,3000000.0,1.0,3000000.0
1081,374,1,2300000.0,5.0,4000000.0
1082,2845,1,0.0,9.0,2000000.0
1083,1633,1,0.0,9.0,2000000.0
1084,28,1,8441120.0,6.0,30000000.0
1085,1823,1,0.0,5.0,2000000.0
1086,80,0,25786263.990000002,24.0,4000000.0
1087,4578,1,11581903.14,2.0,20000000.0
1088,1104,1,0.0,4.0,2000000.0
1089,2715,1,0.0,5.0,2200000.0
1092,4850,1,300000.0,2.0,5000000.0
1093,3186,0,50000.0,9.0,4000000.0
1094,1813,1,413008.0,5.0,10000000.0
1095,2484,1,220000.0,13.0,2000000.0
1096,1798,1,3959968.0,19.0,20000000.0
1097,1052,0,0.0,24.0,5000000.0
1098,4670,1,2589000.0,2.0,2000000.0
1099,4640,1,20000000.0,2.0,50000000.0
1100,3332,0,0.0,23.0,4000000.0
1101,2745,1,443867000.0,7.0,200000000.0
1102,2103,1,0.0,5.0,6000000.0
1103,2259,1,1681589.41,4.0,2000000.0
1104,2209,1,1446569.1,11.0,2000000.0
1105,140,1,1819388.43,4.0,2000000.0
1106,3132,0,0.0,6.0,4150400.0
1107,2841,1,17578998.5,5.0,200000000.0
1108,2146,0,0.0,12.0,4000000.0
1109,2986,0,106000.0,5.0,4500000.0
1110,2839,1,209600.0,4.0,2000000.0
1111,324,1,136650.0,4.0,2000000.0
1112,181,0,31679614.0,6.0,8000000.0
1113,377,0,50000.0,5.0,4000000.0
1114,2932,0,7720810.0,11.0,4000000.0
1115,3111,1,1456470.0,8.0,12000000.0
1116,3903,1,501974.65,3.0,2060000.0
1117,2280,1,15418556.0,10.0,2000000.0
1118,2847,1,0.0,24.0,2500000.0
1119,1098,0,1201795.5,12.0,4000000.0
1120,5243,1,2020000.0,1.0,2020000.0
1121,4051,1,4010925.3899999997,3.0,5000000.0
1122,3675,1,12700.0,3.0,2000000.0
1123,2282,1,7360720.03,3.0,2000000.0
1124,1642,0,22774227.56,23.0,4830000.0
1125,4073,1,500000.0,3.0,2000000.0
1126,2250,1,10684600.0,5.0,4000000.0
1127,91,0,2927000.0,25.0,7000000.0
1128,1046,0,1587999.11,6.0,4000000.0
1129,3300,1,200000.0,8.0,2000000.0
1130,1084,1,548400.0,7.0,2000000.0
1131,1256,1,0.0,4.0,20000000.0
1132,4086,1,730116.5,3.0,2000000.0
1133,3358,0,0.0,15.0,4000000.0
1134,4510,1,306661.15,2.0,2000000.0
1136,1343,0,1804122.0,5.0,4000000.0
1137,3457,0,63211157.86,8.0,50000000.0
1138,264,0,261664675.0,23.0,8000000.0
1139,2157,1,0.0,6.0,2000000.0
1140,270,0,36888391.73,19.0,8000000.0
1141,2041,0,12847951.399999999,5.0,4000000.0
1142,4809,1,250000.0,2.0,2400000.0
1143,4499,1,0.0,2.0,18000000.0
1144,1061,1,67274243.24,22.0,2000000.0
1145,3162,1,300000.0,5.0,3000000.0
1146,3322,1,1465600.0,5.0,2060000.0
1147,3215,1,0.0,9.0,5000000.0
1148,120,1,1756017.55,8.0,2000000.0
1149,98,0,506000.0,25.0,40000000.0
1150,1045,0,7872676.0,5.0,4000000.0
1151,2101,0,3000000.0,6.0,4000000.0
1152,1868,0,2452600.0,9.0,4000000.0
1153,2768,1,1280000.0,4.0,2000000.0
1154,2500,1,800000.0,6.0,5000000.0
1155,4425,1,1921995.0,2.0,2000000.0
1156,3752,1,0.0,3.0,2000000.0
1157,1623,1,76000.0,8.0,2000000.0
1158,2988,0,0.0,6.0,4000000.0
1159,4434,1,96400.0,2.0,2000000.0
1160,5109,1,2293115.99,1.0,5000000.0
1161,5068,1,10000.0,2.0,20000000.0
1162,953,1,10364715.68,9.0,5000000.0
1163,3713,1,150000.0,3.0,2000000.0
1164,4059,1,1000000.0,3.0,2000000.0
1165,3270,0,7473625.04,26.0,4000000.0
1166,3006,1,750000.0,8.0,2000000.0
1167,5515,1,48000.0,1.0,2000000.0
1168,3328,1,500000.0,4.0,2000000.0
1169,4053,1,1348391.3900000001,3.0,4000000.0
1170,4138,1,11476796.0,3.0,10000000.0
1171,928,0,12013193.2,16.0,1190000.0
1174,27,1,14021597.55,6.0,2000000.0
1175,4115,1,2060000.0,3.0,8000000.0
1176,4334,1,3584918.45,2.0,2000000.0
1177,5229,1,2600000.0,1.0,2000000.0
1178,1775,1,18742900.01,9.0,2000000.0
1179,231,0,2117959.81,33.0,8000000.0
1180,2210,1,20433302.07,6.0,2000000.0
1181,2094,1,0.0,6.0,2000000.0
1182,3122,0,408900.0,8.0,4000000.0
1183,4600,1,5000000.0,2.0,2000000.0
1184,2248,1,7824571.61,6.0,10000000.0
1185,4074,1,1200000.0,3.0,4000000.0
1186,2303,1,460585.12,6.0,2000000.0
1187,211,0,8568938.0,14.0,10000000.0
1188,302,1,159000.0,5.0,5000000.0
1189,2936,1,15911801.01,6.0,20000000.0
1190,1109,1,100000.0,7.0,2000000.0
1191,3116,1,24189944.02,4.0,30000000.0
1192,4891,1,468895.13,2.0,2000000.0
1193,942,1,9430000.0,28.0,3000000.0
1194,5285,0,23000000.0,1.0,23000000.0
1195,2849,0,270000.0,27.0,4100000.0
1196,2133,1,0.0,6.0,2000000.0
1197,5284,1,2000000.0,1.0,2000000.0
1198,276,0,80896036.38,11.0,240000000.0
1199,2486,1,0.0,6.0,5200000.0
1200,2846,0,98677780.8,28.0,4200000.0
1201,403,0,1730000.0,13.0,4100000.0
1202,2054,0,6510522.57,5.0,4000000.0
1203,4593,1,631600.0,2.0,2000000.0
1204,6046,0,4080000.0,1.0,4000000.0
1205,2879,0,2035000.0,16.0,4000000.0
1206,2873,0,1157300.0,11.0,4000000.0
1207,3273,0,1017391.67,13.0,4050000.0
1208,4580,1,1445367.0,2.0,5000000.0
1209,3335,1,947760.0,4.0,2000000.0
1210,198,0,5730868.0,23.0,8000000.0
1211,2213,1,0.0,4.0,2000000.0
1212,4519,0,5707132.0,2.0,4000000.0
1213,2271,1,10035976.0,8.0,10000000.0
1214,2128,0,15848986.03,29.0,4000000.0
1215,1111,1,7200000.0,9.0,100000000.0
1216,2309,1,180000.0,10.0,2000000.0
1217,2044,1,500200.0,4.0,2000000.0
1218,203,0,2000000.0,30.0,8000000.0
1219,5274,1,8980.0,1.0,2000000.0
1220,5005,1,4575816.55,1.0,2000000.0
1221,2111,1,20005465.0,5.0,2000000.0
1222,2856,0,724357.12,14.0,4000000.0
1223,5277,1,10500000.0,1.0,10500000.0
1224,5744,1,0.0,1.0,2000000.0
1225,4130,1,187570.46000000002,3.0,2000000.0
1226,1330,1,700000.0,7.0,2100000.0
1227,240,0,9928313.22,22.0,17830000.0
1228,3310,0,0.0,15.0,4370000.0
1229,2121,1,0.0,7.0,2000000.0
1230,190,1,0.0,4.0,100000000.0
1231,153,1,55000.0,4.0,5000000.0
1232,3433,0,2289284.45,10.0,4200000.0
1233,3727,1,2550000.0,3.0,30000000.0
1234,3321,1,12050000.0,6.0,2050000.0
1235,3453,0,16067942.97,8.0,4000000.0
1236,38,1,29310000.0,5.0,2000000.0
1237,5196,1,3300000.0,1.0,3300000.0
1238,2104,1,154000.0,4.0,2000000.0
1239,186,0,10500000.0,31.0,8000000.0
1240,462,1,450000.0,10.0,2000000.0
1241,3673,1,10123685.05,3.0,2000000.0
1242,352,0,1365804.0,8.0,4000000.0
1243,962,0,528840.0,14.0,2100000.0
1244,1339,0,11100000.0,7.0,4000000.0
1245,339,0,3223945.3,6.0,6000000.0
1246,1803,0,0.0,28.0,4000000.0
1247,2188,1,153500.0,5.0,2000000.0
1248,4164,1,320000.0,3.0,2000000.0
1249,2707,0,519283.01,11.0,6500000.0
1250,4121,1,315203.82,3.0,2000000.0
1251,3515,1,3189595.0,4.0,2000000.0
1252,1110,1,1038062.0,9.0,2000000.0
1253,4429,1,2120825.18,2.0,5000000.0
1254,4683,1,5000000.0,2.0,7000000.0
1255,2253,0,0.0,27.0,4900000.0
1256,1181,1,161200.0,4.0,3400000.0
1257,2117,1,0.0,11.0,3000000.0
1258,39,1,0.0,4.0,20000000.0
1259,414,0,0.0,4.0,4000000.0
1260,358,0,0.0,10.0,4000000.0
1261,2974,0,86000.0,5.0,4000000.0
1262,70,1,4951590.59,11.0,2000000.0
1263,1717,1,55150000.0,8.0,50000000.0
1264,5272,1,0.0,1.0,2000000.0
1265,4973,1,10800000.0,1.0,10000000.0
1266,3591,1,0.0,4.0,2000000.0
1267,4756,1,2200000.0,2.0,2000000.0
1268,4892,1,6755832.54,2.0,2000000.0
1269,3181,1,70000.0,4.0,4000000.0
1270,434,1,0.0,9.0,2000000.0
1271,1800,0,16901105.2,12.0,20000000.0
1272,5624,1,0.0,1.0,2000000.0
1273,827,1,5778825.13,26.0,2100000.0
1274,2478,1,6640241.140000001,5.0,2000000.0
1275,104,1,20391284.52,6.0,3000000.0
1276,3101,1,34513225.28,6.0,4000000.0
1277,5487,1,4400000.0,1.0,2000000.0
1278,1184,0,850000.0,29.0,5500000.0
1279,2077,1,0.0,11.0,2000000.0
1280,199,0,62989.73,25.0,8000000.0
1281,4668,1,367621.10000000003,2.0,2000000.0
1282,1254,1,29000000.0,12.0,50000000.0
1283,3679,0,2529949.4,3.0,4000000.0
1284,105,1,632910.33,10.0,2000000.0
1285,2805,1,1665125.0,10.0,2000000.0
1286,2211,1,193001.0,11.0,2000000.0
1287,4706,1,1246672.9400000002,2.0,2000000.0
1288,2230,1,7653668.0,4.0,2000000.0
1289,2966,0,42384083.94,5.0,4000000.0
1290,859,1,2296988.0,24.0,2000000.0
1291,3033,0,10996380.2,20.0,4460000.0
1292,3304,0,2161670.06,25.0,15500000.0
1293,35,1,31098000.0,13.0,10000000.0
1294,32,1,130670906.96000001,11.0,4000000.0
1295,3261,0,7387280.0,4.0,2000000.0
1296,3573,1,0.0,4.0,2000000.0
1297,4780,1,0.0,2.0,2000000.0
1298,3004,0,27173700.0,5.0,4000000.0
1299,58,1,0.0,9.0,20000000.0
1300,2118,1,2000000.0,4.0,2000000.0
1301,4422,0,1443887.5,2.0,4000000.0
1302,4354,1,508373.7,2.0,2000000.0
1303,2300,1,4043100.0,8.0,10000000.0
1304,5234,0,0.0,1.0,4000000.0
1305,2324,1,0.0,5.0,20000000.0
1306,5507,1,2180000.0,1.0,2180000.0
1307,3693,1,445341.0,3.0,3000000.0
1308,5342,1,2000120.0,1.0,2000000.0
1309,755,1,20850000.0,5.0,20000000.0
1310,294,0,123000.0,24.0,4000000.0
1311,961,0,50150.0,17.0,54000000.0
1312,3171,1,1300000.0,8.0,2000000.0
1313,3195,1,100.0,8.0,2000000.0
1314,1085,1,861370.0,5.0,2000000.0
1315,1873,0,500000.0,11.0,4000000.0
1316,202,0,47437594.13,23.0,13600000.0
1317,1187,1,9691084.469999999,6.0,100000000.0
1318,3108,1,0.0,5.0,2000000.0
1319,868,0,20289166.259999998,23.0,4000000.0
1320,2074,1,755106.0,5.0,2000000.0
1321,5159,1,0.0,1.0,2000000.0
1322,2284,1,1500000.0,5.0,3000000.0
1323,50,0,43924730.379999995,24.0,4000000.0
1324,4997,1,1540000.0,1.0,2000000.0
1325,5561,1,0.0,1.0,2000000.0
1326,752,1,11200000.0,9.0,50000000.0
1327,4847,1,154557.9,2.0,2000000.0
1328,1656,1,14226017.379999999,11.0,20000000.0
1329,4276,0,1999254.48,2.0,4000000.0
1330,4812,1,14091.14,2.0,2000000.0
1331,2489,0,777831.42,12.0,4000000.0
1332,4740,1,0.0,2.0,2000000.0
1333,3223,1,0.0,6.0,3000000.0
1334,4374,1,16248000.0,2.0,2000000.0
1335,2690,0,22647165.37,11.0,4000000.0
1336,2316,1,200000.0,8.0,2000000.0
1337,1096,1,7899500.0,5.0,2000000.0
1338,2040,1,20000.0,5.0,2000000.0
1339,1103,0,4156000.0,8.0,5000000.0
1340,4301,1,3236368.0,2.0,8000000.0
1341,2824,1,1018000.0,10.0,10000000.0
1342,744,1,1301000.0,8.0,2000000.0
1343,46,1,2744516.13,8.0,2000000.0
1344,2260,1,52000.0,9.0,2000000.0
1345,745,1,6206000.0,5.0,2000000.0
1346,1727,1,100000.0,5.0,10000000.0
1347,108,0,500000.0,25.0,5000000.0
1350,5836,1,0.0,1.0,10000000.0
1351,311,0,6758821.4,6.0,6200000.0
1352,2076,1,0.0,8.0,2000000.0
1353,5156,1,0.0,1.0,2000000.0
1354,1627,0,22720724.5,35.0,4100000.0
1355,3686,1,1200280.0,3.0,2000000.0
1356,4308,1,30039000.0,2.0,10000000.0
1357,3678,0,1026000.0,3.0,4000000.0
1358,277,0,11245117.81,28.0,8000000.0
1359,2502,1,256400.0,6.0,5000000.0
1360,4085,1,1063799.0,3.0,11200000.0
1361,3635,1,841519.47,3.0,2000000.0
1362,4722,1,18310371.67,2.0,50000000.0
1363,54,0,140140.0,14.0,36000000.0
1364,1688,0,1000000.0,6.0,6000000.0
1365,4996,1,915304.36,1.0,2000000.0
1366,3340,1,1335000.0,4.0,2000000.0
1367,1079,0,0.0,22.0,4000000.0
1368,5112,1,4155241.16,1.0,2000000.0
1369,4964,1,2220842.0,1.0,2000000.0
1370,4446,1,5100000.0,2.0,20000000.0
1371,3218,1,0.0,6.0,2100000.0
1372,5564,1,0.0,1.0,2000000.0
1373,3081,0,26630000.0,4.0,4500000.0
1374,2799,1,8426305.43,4.0,2000000.0
1375,470,1,0.0,5.0,100000000.0
1376,2759,1,91650.0,11.0,4500000.0
1377,3444,0,68235113.32000001,9.0,4000000.0
1378,3994,1,0.0,3.0,2000000.0
1381,2216,1,3131000.0,5.0,3330000.0
1383,2151,1,159000.0,4.0,2000000.0
1384,2105,1,0.0,7.0,2000000.0
1385,5551,1,0.0,1.0,2000000.0
1386,5506,1,2000000.0,1.0,2000000.0
1387,2815,0,3421358.03,23.0,4000000.0
1388,4922,1,6685179.8,1.0,5000000.0
1389,262,0,2200000.0,7.0,8000000.0
1390,4775,1,1339454.0,2.0,2000000.0
1391,31,0,1154958.28,24.0,14000000.0
1392,1038,1,1300000.0,12.0,2000000.0
1393,318,0,0.0,31.0,4000000.0
1394,5316,1,2000000.0,1.0,2000000.0
1395,154,1,711500.0,7.0,2510000.0
1396,3000,1,40801276.900000006,6.0,2000000.0
1397,2112,1,160000.0,4.0,2000000.0
1398,5247,1,0.0,1.0,2000000.0
1399,3093,1,160000.0,4.0,2000000.0
1400,21,0,2000000.0,7.0,140000000.0
1401,4811,1,4147572.0,2.0,3500000.0
1402,3580,1,0.0,4.0,2000000.0
1403,1621,1,2050000.0,4.0,10000000.0
1404,3695,1,141000.0,3.0,2000000.0
1405,89,0,171462.0,25.0,10000000.0
1406,228,0,10490100.0,19.0,8000000.0
1407,4413,1,147200.0,2.0,2620000.0
1408,4178,0,13670893.44,3.0,4005299.9999999995
1409,4398,1,341392.78,2.0,2000000.0
1412,1169,1,1462915.95,5.0,3424100.0000000005
1413,3320,0,1590000.0,12.0,4000000.0
1414,3157,1,2892611.06,6.0,10000000.0
1415,1622,1,0.0,7.0,2000000.0
1416,4888,1,100000.0,2.0,2010000.0
1417,79,0,0.0,14.0,4000000.0
1418,3651,1,200000.0,3.0,2000000.0
1421,5114,1,194299.3,1.0,2000000.0
1422,3991,1,2646888.5900000003,3.0,2000000.0
1423,2752,1,221465.6,4.0,2000000.0
1424,2718,0,0.0,5.0,4100000.0
1425,3833,1,4559143.85,3.0,3000000.0
1426,1314,0,3500000.0,12.0,6000000.0
1427,225,1,0.0,6.0,311000000.0
1428,3178,1,0.0,4.0,5000000.0
1429,152,1,471200.0,11.0,2000000.0
1430,26,1,5228980.59,6.0,2000000.0
1431,2871,1,850000.0,8.0,5000000.0
1432,3608,1,0.0,4.0,0.0
1433,1828,1,200000.0,6.0,2000000.0
1436,3030,1,194500.0,4.0,2000000.0
1437,2794,1,5000000.0,4.0,2000000.0
1438,4848,1,158308.3,2.0,2000000.0
1439,3017,0,24528617.77,32.0,4000000.0
1440,2233,1,292105.26,12.0,2190000.0
1441,2301,0,876800.0,28.0,4000000.0
1442,2961,1,52100000.0,4.0,2580000.0
1443,4289,1,32000000.0,2.0,50000000.0
1444,1136,0,1524241.0,5.0,4000000.0
1445,3955,1,0.0,3.0,4000000.0
1446,2699,0,60000.0,4.0,4000000.0
1447,2257,1,55000.0,3.0,10000000.0
1448,51,1,300000.0,5.0,2000000.0
1449,4022,1,3234610.0,3.0,2000000.0
1450,5108,0,14000000.0,1.0,10000000.0
1451,5887,1,7173456.0,1.0,2000000.0
1452,1631,0,563566.4299999999,6.0,4000000.0
1453,193,1,31641174.0,6.0,20000000.0
1454,41,0,0.0,23.0,6000000.0
1455,3165,1,1195385.0,6.0,2000000.0
1456,3330,1,0.0,7.0,2000000.0
1457,1797,0,412500.0,7.0,4000000.0
1458,4502,1,14581570.67,2.0,2000000.0
1459,2286,1,52415489.54,4.0,2000000.0
1460,4330,0,256479.24,2.0,4000000.0
1461,3034,0,1000000.0,9.0,10000000.0
1462,3197,0,12157495.67,19.0,6100000.0
1463,950,1,23103000.0,7.0,4000000.0
1464,970,0,0.0,4.0,5000000.0
1465,4294,1,0.0,2.0,3000000.0
1466,2473,1,1589318748.73,23.0,20000000.0
1467,197,0,74194463.57,7.0,8000000.0
1468,3426,0,3111280.0,10.0,4000000.0
1469,5241,1,2660000.0,1.0,2660000.0
1470,3558,1,234000.0,4.0,2000000.0
1471,4337,1,1290000.0,2.0,2000000.0
1472,945,1,71027905.09,15.0,20000000.0
1473,5198,1,3000000.0,1.0,3000000.0
1474,1048,0,5419711.399999999,11.0,4000000.0
1475,2320,1,0.0,10.0,2000000.0
1476,1795,0,583600.0,7.0,4000000.0
1477,2043,1,2000000.0,4.0,2000000.0
1478,2053,1,500000.0,5.0,2000000.0
1479,4118,1,0.0,3.0,2050000.0
1480,4709,1,277168.2,2.0,1000000.0
1481,3279,1,7810000.0,4.0,20000000.0
1482,3040,0,0.0,27.0,4025000.0
1483,1634,0,4560515.6,31.0,4000000.0
1484,3062,0,498251.0,12.0,4000000.0
1485,4409,1,115360.0,2.0,2000000.0
1486,3605,1,345436.0,4.0,2000000.0
1487,1632,1,1150000.0,11.0,2000000.0
1488,5279,1,2550000.0,1.0,2000000.0
1489,3676,0,0.0,3.0,4100000.0
1490,4620,1,1095547.01,2.0,2000000.0
1491,5060,0,0.0,1.0,10000000.0
1492,3079,1,2110000.0,8.0,2000000.0
1493,3588,0,945000.0,5.0,4000000.0
1494,1070,1,41260.0,7.0,2000000.0
1495,5273,1,0.0,1.0,2000000.0
1496,3993,1,560000.0,3.0,2000000.0
1497,3138,1,1520000.0,7.0,2000000.0
1500,60,0,0.0,25.0,4000000.0
1501,1042,0,2381897.56,6.0,4000000.0
1502,2269,1,4523412.66,4.0,2000000.0
1503,1338,0,215670.0,25.0,4000000.0
1504,2119,1,250000.0,5.0,2350000.0
1505,2477,1,12256729.26,7.0,10000000.0
1506,2244,1,0.0,6.0,2000000.0
1507,2160,0,30569422.45,12.0,4000000.0
1508,354,0,0.0,12.0,16000000.0
1509,4622,1,5143000.0,2.0,5000000.0
1510,4773,1,0.0,2.0,2000000.0
1511,2826,0,0.0,26.0,4000000.0
1512,4715,1,1272100.0,2.0,2000000.0
1513,3399,0,112378430.5,23.0,4000000.0
1514,43,1,251271907.15,13.0,4000000.0
1515,890,0,1541077.6,9.0,5000000.0
1516,3454,0,17175615.79,8.0,4000000.0
1517,132,1,3543690.68,11.0,2000000.0
1518,4233,1,10000000.0,3.0,2000000.0
1519,5163,1,4200000.0,1.0,2000000.0
1520,3862,1,7000000.0,3.0,77300000.0
1521,4744,1,80038.0,2.0,2000000.0
1522,2874,0,1019500.0,28.0,4000000.0
1523,2062,1,4610164.2,24.0,2300000.0
1524,4572,1,3035579.08,2.0,2000000.0
1525,3224,1,1000000.0,7.0,2000000.0
1526,1836,0,0.0,4.0,5000000.0
1527,3977,1,669200.0,3.0,2000000.0
1528,5410,1,2528325.4,1.0,2000000.0
1529,75,0,721482408.59,23.0,460000000.0
1530,6577,1,1412267.0,1.0,2000000.0
1531,4279,1,358891.65,2.0,5000000.0
1532,2481,0,26125913.97,28.0,4000000.0
1533,1106,1,1273605.55,10.0,2000000.0
1534,3214,0,428376.0,13.0,4000000.0
1535,1178,1,1044913.62,27.0,2100000.0
1536,2275,1,0.0,5.0,6000000.0
1537,1826,1,2386800.0,4.0,10000000.0
1538,2226,1,1500000.0,5.0,2000000.0
1539,2658,0,16185800.0,4.0,4700000.0
1540,221,0,86690561.44,21.0,8000000.0
1541,397,1,10821045.31,4.0,20000000.0
1542,2838,1,1455595.7,6.0,4010000.0
1543,2305,1,1120447.0,13.0,2000000.0
1544,2480,1,1883284.0,5.0,2000000.0
1545,4807,1,2601000.0,2.0,2000000.0
1546,3010,1,465594.5,9.0,2000000.0
1547,1687,0,2090610.6,8.0,4093300.0
1548,3778,1,0.0,3.0,5000000.0
1549,3118,0,1376500.0,8.0,4150000.0
1550,5044,1,4000000.0,1.0,2000000.0
1551,2107,1,0.0,11.0,2000000.0
1552,4794,1,5120350.0,2.0,5000000.0
1553,4263,1,32238321.01,2.0,5000000.0
1554,125,0,16359488.67,23.0,9000000.0
1555,3082,1,308725.0,5.0,2000000.0
1556,214,0,1154114208.75,21.0,8000000.0
1557,5164,1,0.0,1.0,2000000.0
1558,4236,1,258430.0,2.0,2000000.0
1559,2048,0,2263052.0,8.0,4000000.0
1560,1265,0,15080890.0,29.0,4000000.0
1561,114,1,258932.0,11.0,2000000.0
1562,3508,1,27511354.04,4.0,5000000.0
1563,2113,1,379000.0,4.0,2000000.0
1564,2201,1,0.0,9.0,3000000.0
1565,124,1,275000.0,9.0,2000000.0
1566,2294,1,339634.0,7.0,2000000.0
1567,2167,1,0.0,8.0,2000000.0
1568,2859,1,0.0,10.0,2000000.0
1569,1811,1,2053209.0,28.0,4100000.0
1570,2937,1,19279888.990000002,10.0,2000000.0
1571,1076,1,0.0,10.0,2000000.0
1572,4423,1,0.0,2.0,2000000.0
1573,937,1,25000.0,5.0,2000000.0
1574,3829,1,13712776.22,3.0,5000000.0
1575,5224,1,2000000.0,1.0,2000000.0
1576,94,0,13990542.15,25.0,5000000.0
1577,4440,1,2617123.6,2.0,4000000.0
1578,2958,1,2350499.3,10.0,2000000.0
1579,825,1,921300.0,8.0,2000000.0
1580,1814,0,2200000.0,29.0,5000000.0
1581,3844,1,65000.0,3.0,2000000.0
1582,2668,1,1674662.11,4.0,30000000.0
1583,1145,1,1200000.0,4.0,2000000.0
1584,1752,0,3256425.55,6.0,4000000.0
1585,4081,0,1600.0,3.0,6000000.0
1586,3014,0,7164423.0,12.0,4000000.0
1587,239,0,238020443.67,14.0,50000000.0
1588,3361,0,84119968.5,21.0,4000000.0
1589,2229,1,6565730.0,5.0,3000000.0
1590,1097,0,563500.0,25.0,4000000.0
1591,4504,1,61000000.0,2.0,5000000.0
1592,1190,1,0.0,11.0,2000000.0
1593,5006,1,11750000.0,1.0,10000000.0
1594,971,0,1243600.0,28.0,4050000.0
1595,3016,0,7123309.88,29.0,5000000.0
1596,284,1,21027822.9,12.0,100000000.0
1597,2997,1,0.0,8.0,2000000.0
1598,389,1,45199.37,12.0,2000000.0
1599,1337,1,0.0,9.0,2600000.0
1600,3510,1,716464.0,4.0,5100000.0
1601,2800,0,22206371.46,11.0,4000000.0
1602,3173,1,19742962.89,6.0,2000000.0
1603,1619,1,9530018.42,11.0,2000000.0
1604,1372,0,145200.0,22.0,4000000.0
1605,1651,0,665000.0,7.0,4040000.0
1606,2952,1,1305339.81,12.0,20000000.0
1607,340,0,15965372.7,31.0,4000000.0
1608,1344,1,0.0,21.0,15000000.0
1609,2978,0,30070840.0,10.0,4000000.0
1610,3085,1,3912255.76,6.0,4000000.0
1611,1095,0,0.0,18.0,13100000.0
1612,1186,1,375692.26,5.0,18000000.0
1613,2285,0,5579380.0,25.0,4000000.0
1614,25,1,6018000.0,5.0,2000000.0
1615,1364,0,3272400.4,8.0,4200000.0
1616,2795,0,12455738.0,24.0,4000000.0
1617,3967,1,650000.0,3.0,6000000.0
1618,1635,1,19032361.0,5.0,2000000.0
1620,5278,1,2000000.0,1.0,2000000.0
1621,3606,1,9643099.0,4.0,2000000.0
1622,2312,0,2212460.98,8.0,10000000.0
1623,3339,1,749000.0,5.0,2000000.0
1624,5070,1,23620000.0,1.0,23000000.0
1625,2304,1,0.0,7.0,20000000.0
1626,2488,1,1990400.0,5.0,2000000.0
1627,2134,1,200000.0,6.0,2000000.0
1628,2126,1,0.0,8.0,2000000.0
1629,1802,0,315.28,22.0,4000000.0
1630,143,1,0.0,16.0,3000000.0
1631,363,1,25377130.3,6.0,20000000.0
1632,4119,1,271150.0,3.0,2000000.0
1633,2032,0,26593182.15,12.0,4000000.0
1634,3587,0,1700000.0,5.0,4000000.0
1635,5959,1,1191652.0,2.0,4000000.0
1636,3497,0,2985000.0,10.0,4000000.0
1637,74,0,9171371.62,25.0,8500000.0
1638,1182,0,1491063.4,28.0,4000000.0
1639,3690,0,15464707.98,3.0,35000000.0
1640,241,0,69233023.18,23.0,8970000.0
1641,90,0,3512942.4,25.0,31000000.0
1642,4140,1,1650479.74,3.0,20000000.0
1643,1639,0,57184.97,27.0,4000000.0
1644,48,1,200000.0,8.0,2000000.0
1645,66,0,1292030.0,25.0,4000000.0
1646,2240,1,1536804.0,7.0,2000000.0
1647,319,1,1130000.0,8.0,2000000.0
1648,4734,1,509000.0,2.0,4000000.0
1649,103,1,0.0,7.0,2000000.0
1650,4905,1,3609525.67,2.0,4000000.0
1651,2670,0,200000.0,6.0,4000000.0
1652,150,1,0.0,11.0,5000000.0
1653,2495,0,2016800.0,12.0,4000000.0
1654,136,0,90752399.61,9.0,4000000.0
1655,3104,1,2634300.0,7.0,2060000.0
1656,3911,1,500000.0,3.0,2000000.0
1657,3712,0,3140600.0,3.0,36820000.0
1658,2100,0,5021000.0,11.0,6000000.0
1659,219,0,99809734.87,13.0,10000000.0
1660,1733,1,39557960.0,12.0,2000000.0
1661,224,0,17009108.86,22.0,11000000.0
1662,1652,0,0.0,9.0,4100000.0
1663,2823,1,0.0,13.0,8477700.0
1664,1409,0,254850.0,26.0,4000000.0
1665,5095,1,2016000.0,2.0,2000000.0
1666,8,0,650000.0,5.0,10000000.0
1669,2272,0,37861385.529999994,28.0,4200000.0
1670,826,1,1090000.0,5.0,2000000.0
1671,121,1,50000.0,5.0,2000000.0
1672,3498,1,1305241.0,2.0,2000000.0
1673,980,1,81905465.38,7.0,20000000.0
1674,337,0,8201000.07,25.0,4000000.0
1675,1357,1,183000.0,5.0,2000000.0
1676,2704,0,36720338.78,10.0,5000000.0
1677,4347,0,0.0,2.0,4000000.0
1678,2981,0,0.0,6.0,4000000.0
1679,3316,0,231510.0,7.0,4000000.0
1680,2811,1,225000.0,9.0,2000000.0
1681,295,0,0.0,26.0,4000000.0
1682,4962,1,3215000.0,1.0,2000000.0
1683,2086,1,565.0,4.0,4000000.0
1684,3400,0,796597.0,12.0,4000000.0
1685,2042,1,547915.43,7.0,2010000.0
1686,2940,1,3200000.0,4.0,2600000.0
1687,3203,1,1475355.0,4.0,2000000.0
1688,3096,0,6833479.08,7.0,4000000.0
1689,3364,0,10725370.0,21.0,4000000.0
1690,2311,0,1986470.29,25.0,4000000.0
1691,3459,0,7959972.1,22.0,8000000.0
1692,446,0,5533600.0,20.0,4000000.0
1693,69,1,45000.0,12.0,20000000.0
1694,4926,1,2200700.02,1.0,2000000.0
1696,751,1,690000.0,36.0,20000000.0
1697,4983,1,2000000.0,1.0,2000000.0
1698,4526,0,0.0,2.0,4050000.0
1699,1167,0,2000000.0,19.0,8000000.0
1700,2059,1,578839.14,6.0,2000000.0
1701,3867,1,221600.0,3.0,2000000.0
1702,335,0,8187907.0,35.0,4000000.0
1703,5283,1,2350000.0,1.0,2350000.0
1704,275,0,448884365.99,28.0,8000000.0
1705,1715,0,2390998.0,10.0,4226600.0
1706,1051,0,920000.0,5.0,4000000.0
1707,217,0,189365824.18,29.0,18600000.0
1708,327,0,690176.84,22.0,4200000.0
1709,4087,1,313313.14,3.0,2000000.0
1710,2319,1,4376811.94,11.0,2000000.0
1711,4967,1,2000000.0,1.0,2000000.0
1712,3930,1,205245.6,3.0,2000000.0
1713,2306,0,1545808.0,23.0,4000000.0
1714,4779,1,443951.73,2.0,2000000.0
1715,3262,0,0.0,5.0,4000000.0
1716,4072,1,0.0,3.0,2000000.0
1717,2747,1,1594996.0,4.0,2000000.0
1718,3084,0,934253.43,4.0,4000000.0
1719,3094,1,4000.0,6.0,2000000.0
1720,4816,1,2093703.09,2.0,2000000.0
1721,4800,1,19055993.0,2.0,2000000.0
1722,368,0,0.0,13.0,4000000.0
1723,2064,1,1003610.0,4.0,20000000.0
1724,4407,1,0.0,2.0,10000000.0
1725,5275,1,0.0,1.0,2000000.0
1726,208,0,711333497.46,24.0,8000000.0
1727,117,1,116640000.0,7.0,2000000.0
1728,3306,1,138000.0,6.0,2000000.0
1729,1093,1,0.0,9.0,2000000.0
1730,293,0,0.0,12.0,4000000.0
1731,4742,1,196443.15,2.0,2000000.0
1732,4137,1,2296374.59,3.0,2000000.0
1733,4227,1,8167000.0,3.0,2000000.0
1734,2091,1,0.0,6.0,2000000.0
1735,57,0,30773260.42,25.0,4200000.0
1736,4901,1,162000.0,2.0,2500000.0
1737,2246,1,3431000.0,4.0,10000000.0
1738,4974,1,3170000.0,1.0,2000000.0
1739,110,1,0.0,16.0,18500000.0
1740,5514,0,9622140.73,1.0,4253800.0
1741,2970,0,1003232385.85,21.0,4000000.0
1742,3210,1,1353930.0,6.0,3000000.0
1743,2756,1,12827359.28,11.0,2000000.0
1744,5843,1,630000.0,1.0,2000000.0
1745,187,0,78496628.65,24.0,8000000.0
1746,3726,1,38655551.08,3.0,2000000.0
1747,396,1,1067000.0,4.0,2000000.0
1748,882,1,29643904.51,10.0,20000000.0
1749,220,0,35.0,27.0,20000000.0
1750,3777,1,191000.0,3.0,3000000.0
1751,4314,1,352090.25,2.0,1000000.0
1752,333,0,5211300.0,6.0,4000000.0
1753,5637,1,5000000.0,1.0,5000000.0
1754,4264,1,220000.0,2.0,2000000.0
